paper_id,pmid,pmcid,doi,title,authors,year,journal,url,study_design,n,population,outcome_measured,key_findings,abstract_excerpt,screening_decision_hermes,screening_reason,screening_decision_review,reviewer_notes,extraction_status,extraction_checked_review
42583459,42583459,PMC13460704,10.4103/tjem.tjem_314_25,"A tale of three mimickers: Amitraz, fipronil, and 2,4-dichlorophenoxyacetic acid poisoning confounding organophosphate toxicity.",,2026,Turk J Emerg Med,https://europepmc.org/article/MED/42583459,case report/series (verify),,,,,,include,"agricultural-agent acute poisoning; agricultural/occupational context TO VERIFY at full text (may be non-occupational exposure, subcohort flag)",,,,
42015286,42015286,PMC13231624,10.1186/s13256-026-06019-6,Long-term organophosphate exposure leading to delayed neuropathy in a pesticide applicator: a case report.,,2026,J Med Case Rep,https://europepmc.org/article/MED/42015286,case report/series (verify),,,,,,include,"human acute agricultural-agent poisoning, case-type; occupational context + suitability to verify at full text",,,,
42535217,42535217,PMC13423573,10.7759/cureus.111774,Intentional Large-Volume Diazinon Ingestion Complicated by Seizure and Acute Respiratory Failure: A Case Report.,,2026,Cureus,https://europepmc.org/article/MED/42535217,case report/series (verify),,,,,,include,EXCLUDED-BY-HEURISTIC-RESCUED: agricultural OP (diazinon); heuristic missed,,,,
42724759,42724759,PMC13561190,10.1097/ms9.0000000000005589,Favorable outcome in paraquat poisoning with acute kidney injury in a resource-limited setting: a case report.,,2026,Ann Med Surg (Lond),https://europepmc.org/article/MED/42724759,case report/series (verify),,,,,,include,"agricultural-agent acute poisoning; agricultural/occupational context TO VERIFY at full text (may be non-occupational exposure, subcohort flag)",,,,
42179648,42179648,PMC13195271,10.1016/j.toxrep.2026.102272,Fatal pediatric paraquat poisoning following scalp application for head lice treatment: Public health implications for pesticide regulation and emergency care - A case series.,,2026,Toxicol Rep,https://europepmc.org/article/MED/42179648,case report/series (verify),,,,,,include,"agricultural-agent acute poisoning; agricultural/occupational context TO VERIFY at full text (may be non-occupational exposure, subcohort flag)",,,,
41808223,41808223,PMC13088479,10.1186/s13256-026-05891-6,Bilateral basal ganglia hyperintensity and cerebellar dysfunction in avermectin poisoning: a case report.,,2026,J Med Case Rep,https://europepmc.org/article/MED/41808223,case report/series (verify),,,,,,include,"agricultural-agent acute poisoning; agricultural/occupational context TO VERIFY at full text (may be non-occupational exposure, subcohort flag)",,,,
42750240,42750240,PMC13596013,10.12659/ajcr.953336,Delayed Myoclonus and Bilateral Globus Pallidus Lesions Following Organophosphate Poisoning: A Case Report.,,2026,Am J Case Rep,https://europepmc.org/article/MED/42750240,case report/series (verify),,,,,,include,"agricultural-agent acute poisoning; agricultural/occupational context TO VERIFY at full text (may be non-occupational exposure, subcohort flag)",,,,
42751838,42751838,,,[Chlormequat chloride poisoning].,,2026,Rev Med Liege,https://europepmc.org/article/MED/42751838,case report/series (verify),,,,,,exclude,title/abstract not identifiable as acute human pesticide poisoning case (verify: topic drift),,,,
42683993,42683993,PMC13610748,10.4103/ijp.ijp_81_26,A rare intravenous paraquat exposure presenting with novel and atypical severe clinical manifestations.,,2026,Indian J Pharmacol,https://europepmc.org/article/MED/42683993,case report/series (verify),,,,,,include,"agricultural-agent acute poisoning; agricultural/occupational context TO VERIFY at full text (may be non-occupational exposure, subcohort flag)",,,,
42735371,42735371,PMC13583247,10.1177/03000605261485126,Another Etiology of persistent pupillary fluctuations: A case of pesticide poisoning.,,2026,J Int Med Res,https://europepmc.org/article/MED/42735371,case report/series (verify),,,,,,exclude,title/abstract not identifiable as acute human pesticide poisoning case (verify: topic drift),,,,
39803376,39803376,PMC11724406,10.1177/2050313x241307682,A case report on acute combined poisoning of Indoxacarb and Novoluron and its management.,,2025,SAGE Open Med Case Rep,https://europepmc.org/article/MED/39803376,case report/series (verify),,,,,,include,"agricultural-agent acute poisoning; agricultural/occupational context TO VERIFY at full text (may be non-occupational exposure, subcohort flag)",,,,
40703903,40703903,PMC12280319,10.71480/nmj.v66i2.730,Catastrophic Outcomes: Rapid Multi-Organ Failure from Paraquat Poisoning- A Case Report.,,2025,Niger Med J,https://europepmc.org/article/MED/40703903,case report/series (verify),,,,,,include,"agricultural-agent acute poisoning; agricultural/occupational context TO VERIFY at full text (may be non-occupational exposure, subcohort flag)",,,,
42787993,42787993,,10.7759/cureus.115146,From Cholinergic Crisis to Anticholinergic Delirium: When the Antidote Mimics the Poison.,,2026,Cureus,https://europepmc.org/article/MED/42787993,case report/series (verify),,,,,,exclude,title/abstract not identifiable as acute human pesticide poisoning case (verify: topic drift),,,,
40746815,40746815,PMC12311248,10.7759/cureus.86943,Suicidal Human Poisoning With Fungicide: A Rare Case From Rural India.,,2025,Cureus,https://europepmc.org/article/MED/40746815,case report/series (verify),,,,,,exclude,title/abstract not identifiable as acute human pesticide poisoning case (verify: topic drift),,,,
42344647,42344647,PMC13290272,10.4103/ajts.ajts_219_24,Role of therapeutic plasma exchange in paraquat poisoning: Our experience.,,2026,Asian J Transfus Sci,https://europepmc.org/article/MED/42344647,case report/series (verify),,,,,,include,"agricultural-agent acute poisoning; agricultural/occupational context TO VERIFY at full text (may be non-occupational exposure, subcohort flag)",,,,
41939114,41939114,PMC13048672,10.1097/ms9.0000000000004837,Amitraz poisoning: A case report of rare pesticide poisoning from Nepal.,,2026,Ann Med Surg (Lond),https://europepmc.org/article/MED/41939114,case report/series (verify),,,,,,include,"agricultural-agent acute poisoning; agricultural/occupational context TO VERIFY at full text (may be non-occupational exposure, subcohort flag)",,,,
40612661,40612661,PMC12223390,10.1016/j.toxrep.2024.101876,Intravenous indoxacarb toxicity: A rare case of unusual exposure with clinical implications.,,2025,Toxicol Rep,https://europepmc.org/article/MED/40612661,case report/series (verify),,,,,,include,"agricultural-agent acute poisoning; agricultural/occupational context TO VERIFY at full text (may be non-occupational exposure, subcohort flag)",,,,
40821710,40821710,PMC12356379,10.1016/j.toxrep.2025.102106,Delayed-onset status epilepticus without cholinergic features in organophosphate poisoning: a case report.,,2025,Toxicol Rep,https://europepmc.org/article/MED/40821710,case report/series (verify),,,,,,include,"agricultural-agent acute poisoning; agricultural/occupational context TO VERIFY at full text (may be non-occupational exposure, subcohort flag)",,,,
42688501,42688501,PMC13534099,10.3389/fsurg.2026.1756737,Aortic dissection precipitated by superwarfarin (brodifacoum) poisoning: a case report and pathophysiological review.,,2026,Front Surg,https://europepmc.org/article/MED/42688501,case report/series (verify),,,,,,include,"agricultural-agent acute poisoning; agricultural/occupational context TO VERIFY at full text (may be non-occupational exposure, subcohort flag)",,,,
41745723,41745723,PMC12942672,10.3390/neurolint18020039,Bilateral Optic Neuritis Following Acute Glyphosate Inhalation: A Case Report.,,2026,Neurol Int,https://europepmc.org/article/MED/41745723,case report/series (verify),,,,,,include,"agricultural-agent acute poisoning; agricultural/occupational context TO VERIFY at full text (may be non-occupational exposure, subcohort flag)",,,,
42112344,42112344,PMC13149246,10.3389/fimmu.2026.1753201,Case Report: Avermectin poisoning-associated hemolytic uremic syndrome.,,2026,Front Immunol,https://europepmc.org/article/MED/42112344,case report/series (verify),,,,,,include,"agricultural-agent acute poisoning; agricultural/occupational context TO VERIFY at full text (may be non-occupational exposure, subcohort flag)",,,,
41583613,41583613,PMC12824899,10.1016/j.rmcr.2026.102366,Acute tubular necrosis with secondary acute respiratory distress syndrome after organophosphate poisoning: A rare clinical case.,,2026,Respir Med Case Rep,https://europepmc.org/article/MED/41583613,case report/series (verify),,,,,,include,"agricultural-agent acute poisoning; agricultural/occupational context TO VERIFY at full text (may be non-occupational exposure, subcohort flag)",,,,
42257139,42257139,PMC13241100,10.4103/jfmpc.jfmpc_1782_24,Paraquat peril: An insight into a fatal poisoning case.,,2026,J Family Med Prim Care,https://europepmc.org/article/MED/42257139,case report/series (verify),,,,,,include,"agricultural-agent acute poisoning; agricultural/occupational context TO VERIFY at full text (may be non-occupational exposure, subcohort flag)",,,,
40212197,40212197,PMC11981316,10.1097/ms9.0000000000003103,Fatal paraquat poisoning: a case report and literature review on rapid deterioration and therapeutic challenges.,,2025,Ann Med Surg (Lond),https://europepmc.org/article/MED/40212197,case report/series (verify),,,,,,include,"agricultural-agent acute poisoning; agricultural/occupational context TO VERIFY at full text (may be non-occupational exposure, subcohort flag)",,,,
42625794,42625794,PMC13490125,10.3389/fphar.2026.1879318,Successful treatment of acute oral copper sulfate poisoning: a case report.,,2026,Front Pharmacol,https://europepmc.org/article/MED/42625794,case report/series (verify),,,,,,include,"agricultural-agent acute poisoning; agricultural/occupational context TO VERIFY at full text (may be non-occupational exposure, subcohort flag)",,,,
38803711,38803711,PMC11129105,10.7759/cureus.59122,Methemoglobinemia Following Indoxacarb Ingestion: A Unique Toxicological Presentation.,,2024,Cureus,https://europepmc.org/article/MED/38803711,case report/series (verify),,,,,,include,"agricultural-agent acute poisoning; agricultural/occupational context TO VERIFY at full text (may be non-occupational exposure, subcohort flag)",,,,
39434866,39434866,PMC11492611,10.1016/j.toxrep.2024.101750,Deadly shades of green: A cautionary tale of an organic biopesticide poisoning.,,2024,Toxicol Rep,https://europepmc.org/article/MED/39434866,case report/series (verify),,,,,,exclude,title/abstract not identifiable as acute human pesticide poisoning case (verify: topic drift),,,,
41800321,41800321,PMC12961694,10.3389/fpubh.2025.1729214,Case Report: A case of subarachnoid hemorrhage secondary to elbow intravenous injection of diquat poisoning in young male.,,2025,Front Public Health,https://europepmc.org/article/MED/41800321,case report/series (verify),,,,,,include,"agricultural-agent acute poisoning; agricultural/occupational context TO VERIFY at full text (may be non-occupational exposure, subcohort flag)",,,,
42572632,42572632,PMC13453063,10.7759/cureus.112390,Acute Poisoning-Induced Rhabdomyolysis and Related Complications: A Report of Two Cases.,,2026,Cureus,https://europepmc.org/article/MED/42572632,case report/series (verify),,,,,,exclude,title/abstract not identifiable as acute human pesticide poisoning case (verify: topic drift),,,,
PMC13602829,,PMC13602829,,From Cholinergic Crisis to Anticholinergic Delirium: When the Antidote Mimics the Poison,,,Cureus,https://europepmc.org/article/PMC/PMC13602829,case report/series (verify),,,,,,exclude,title/abstract not identifiable as acute human pesticide poisoning case (verify: topic drift),,,,
40051695,40051695,PMC11882993,10.7759/cureus.80116,"Acute Poisoning Due to an Intentional Overdose of 2,4-Dichlorophenoxyacetic Acid.",,2025,Cureus,https://europepmc.org/article/MED/40051695,case report/series (verify),,,,,,include,"agricultural-agent acute poisoning; agricultural/occupational context TO VERIFY at full text (may be non-occupational exposure, subcohort flag)",,,,
38922760,38922760,,10.1002/dta.3754,Acute atrazine intoxication in heifers: Case report and toxicological studies.,,2025,Drug Test Anal,https://europepmc.org/article/MED/38922760,case report/series (verify),,,,,,exclude,animal study,,,,
38173652,38173652,PMC10762317,10.1016/j.toxrep.2023.12.001,Methamidophos poisoning: A paediatric case report.,,2024,Toxicol Rep,https://europepmc.org/article/MED/38173652,case report/series (verify),,,,,,include,"agricultural-agent acute poisoning; agricultural/occupational context TO VERIFY at full text (may be non-occupational exposure, subcohort flag)",,,,
39369405,39369405,PMC11455649,10.31729/jnma.8699,"Survival of Misdiagnosed 2,4-Dichlorophenoxyacetic Acid Poisoning Masquerading as Organophosphorus Poisoning: A Case Report.",,2024,JNMA J Nepal Med Assoc,https://europepmc.org/article/MED/39369405,case report/series (verify),,,,,,include,"agricultural-agent acute poisoning; agricultural/occupational context TO VERIFY at full text (may be non-occupational exposure, subcohort flag)",,,,
42158774,42158774,PMC13180496,10.7759/cureus.107257,Delayed-Onset and Prolonged Laryngeal Edema Following Pyrethroid Insecticide Poisoning: A Case Report.,,2026,Cureus,https://europepmc.org/article/MED/42158774,case report/series (verify),,,,,,include,"agricultural-agent acute poisoning; agricultural/occupational context TO VERIFY at full text (may be non-occupational exposure, subcohort flag)",,,,
41404260,41404260,PMC12702631,10.7759/cureus.96859,Unmasking Cyanide Toxicity: A Case of Encephalopathy and Ventilatory Support Following Smoke Inhalation.,,2025,Cureus,https://europepmc.org/article/MED/41404260,case report/series (verify),,,,,,exclude,non-pesticide toxicology,,,,
38799189,38799189,PMC11126755,10.11604/pamj.2024.47.92.34766,Acquired methemoglobinemia induced by indoxacarb poisoning: a case report.,,2024,Pan Afr Med J,https://europepmc.org/article/MED/38799189,case report/series (verify),,,,,,include,"agricultural-agent acute poisoning; agricultural/occupational context TO VERIFY at full text (may be non-occupational exposure, subcohort flag)",,,,
42453816,42453816,PMC13367297,10.7759/cureus.110830,Intravenous Lipid Emulsion Therapy for Severe Emamectin Benzoate Poisoning: A Case Report.,,2026,Cureus,https://europepmc.org/article/MED/42453816,case report/series (verify),,,,,,include,"agricultural-agent acute poisoning; agricultural/occupational context TO VERIFY at full text (may be non-occupational exposure, subcohort flag)",,,,
38187114,38187114,PMC10767630,10.1016/j.toxrep.2023.06.013,Acute cypermethrin and other pyrethroid poisoning - An organophosphate-like poisoning: A case report and review.,,2023,Toxicol Rep,https://europepmc.org/article/MED/38187114,case report/series (verify),,,,,,include,"agricultural-agent acute poisoning; agricultural/occupational context TO VERIFY at full text (may be non-occupational exposure, subcohort flag)",,,,
40955252,40955252,PMC12433601,10.7759/cureus.90143,Suicide With Attempted Filicide by Poisoning: A Case Report.,,2025,Cureus,https://europepmc.org/article/MED/40955252,case report/series (verify),,,,,,exclude,title/abstract not identifiable as acute human pesticide poisoning case (verify: topic drift),,,,
42627140,42627140,PMC13498817,10.1177/03000605261477529,Successful rescue of a patient with extensive lethal-dose aluminum phosphide poisoning complicated by multiple organ dysfunction syndrome.,,2026,J Int Med Res,https://europepmc.org/article/MED/42627140,case report/series (verify),,,,,,include,"agricultural-agent acute poisoning; agricultural/occupational context TO VERIFY at full text (may be non-occupational exposure, subcohort flag)",,,,
35935177,35935177,PMC9346413,10.2147/imcrj.s375882,"A Case of Severe 2,4-Dichlorophenoxyacetic Acid Poisoning Causing Diagnostic and Treatment Challenges.",,2022,Int Med Case Rep J,https://europepmc.org/article/MED/35935177,case report/series (verify),,,,,,include,"agricultural-agent acute poisoning; agricultural/occupational context TO VERIFY at full text (may be non-occupational exposure, subcohort flag)",,,,
42359056,42359056,PMC13291128,10.3389/fmed.2026.1865213,Acute toxic encephalopathy induced by chloropicrin: case report.,,2026,Front Med (Lausanne),https://europepmc.org/article/MED/42359056,case report/series (verify),,,,,,include,EXCLUDED-BY-HEURISTIC-RESCUED: agricultural fumigant (chloropicrin),,,,
40406758,40406758,PMC12095608,10.7759/cureus.82748,Pyrethroid Ingestion With Brain and Heart Involvement: A Case Report.,,2025,Cureus,https://europepmc.org/article/MED/40406758,case report/series (verify),,,,,,include,"agricultural-agent acute poisoning; agricultural/occupational context TO VERIFY at full text (may be non-occupational exposure, subcohort flag)",,,,
39184693,39184693,PMC11345086,10.7759/cureus.65454,A Case of Acute Human Self-Poisoning With Bispyribac Sodium Presenting as Lactic Acidosis.,,2024,Cureus,https://europepmc.org/article/MED/39184693,case report/series (verify),,,,,,exclude,title/abstract not identifiable as acute human pesticide poisoning case (verify: topic drift),,,,
39036134,39036134,PMC11259095,10.7759/cureus.62697,Integrative Approach to Address Male Infertility: A Case Study on Organophosphorus Compound Exposure and Traditional Medicinal Interventions.,,2024,Cureus,https://europepmc.org/article/MED/39036134,case report/series (verify),,,,,,include,"agricultural-agent acute poisoning; agricultural/occupational context TO VERIFY at full text (may be non-occupational exposure, subcohort flag)",,,,
38559410,38559410,PMC10981267,10.1177/2050313x241240098,Acute paraquat poisoning in an adolescent with compromised outcome: A case report.,,2024,SAGE Open Med Case Rep,https://europepmc.org/article/MED/38559410,case report/series (verify),,,,,,include,"agricultural-agent acute poisoning; agricultural/occupational context TO VERIFY at full text (may be non-occupational exposure, subcohort flag)",,,,
40402047,40402047,PMC12097250,10.5811/cpcem.39703,Case Report: 2-PAM or not 2-PAM.,,2025,Clin Pract Cases Emerg Med,https://europepmc.org/article/MED/40402047,case report/series (verify),,,,,,include,EXCLUDED-BY-HEURISTIC-RESCUED: oxime antidote case implies OP poisoning; verify at full text,,,,
40881092,40881092,PMC12305092,10.5409/wjcp.v14.i3.106463,Organophosphate poisoning presenting with paralytic ileus: A case report.,,2025,World J Clin Pediatr,https://europepmc.org/article/MED/40881092,case report/series (verify),,,,,,include,"agricultural-agent acute poisoning; agricultural/occupational context TO VERIFY at full text (may be non-occupational exposure, subcohort flag)",,,,
38548379,38548379,PMC10978098,10.2478/aiht-2024-75-3781,Comparative analysis of organophosphorus versus carbamate pesticide poisoning: a case study.,,2024,Arh Hig Rada Toksikol,https://europepmc.org/article/MED/38548379,case report/series (verify),,,,,,include,"agricultural-agent acute poisoning; agricultural/occupational context TO VERIFY at full text (may be non-occupational exposure, subcohort flag)",,,,
42324466,42324466,PMC13548518,10.1186/s13019-026-04477-z,Fatal cardiogenic shock following inhalation of aluminum phosphide in a child requiring veno-arterial ECMO support: a rare case and review of extracorporeal strategies.,,2026,J Cardiothorac Surg,https://europepmc.org/article/MED/42324466,case report/series (verify),,,,,,include,EXCLUDED-BY-HEURISTIC-RESCUED: agricultural fumigant (aluminium phosphide),,,,
40989957,40989957,PMC12452092,10.3389/fvets.2025.1666317,Case Report: Oleandrin intoxication by inhalation in beef cattle.,,2025,Front Vet Sci,https://europepmc.org/article/MED/40989957,case report/series (verify),,,,,,exclude,animal study,,,,
40606291,40606291,PMC12221553,10.1155/carm/2632633,Mad Honey Disease: A Rare Condition in an Unlikely Locale.,,2025,Case Rep Med,https://europepmc.org/article/MED/40606291,case report/series (verify),,,,,,exclude,non-pesticide toxicology,,,,
32487578,32487578,PMC7265005,10.1136/bmjopen-2019-036048,Epidemiology and risk factors of pesticide poisoning in Malaysia: a retrospective analysis by the National Poison Centre (NPC) from 2006 to 2015.,,2020,BMJ Open,https://europepmc.org/article/MED/32487578,case report/series (verify),,,,,,exclude,title/abstract not identifiable as acute human pesticide poisoning case (verify: topic drift),,,,
37868809,37868809,PMC10585619,10.1016/j.toxrep.2023.10.008,Paraquat induced acute kidney and lung injury with a dramatic response to methylprednisolone: A case report.,,2023,Toxicol Rep,https://europepmc.org/article/MED/37868809,case report/series (verify),,,,,,include,"agricultural-agent acute poisoning; agricultural/occupational context TO VERIFY at full text (may be non-occupational exposure, subcohort flag)",,,,
42051727,42051727,PMC13110930,10.3389/fmed.2026.1795706,Intraspinal hematoma caused by anticoagulant rodenticide poisoning: a rare case report.,,2026,Front Med (Lausanne),https://europepmc.org/article/MED/42051727,case report/series (verify),,,,,,exclude,title/abstract not identifiable as acute human pesticide poisoning case (verify: topic drift),,,,
42387583,42387583,PMC13591919,10.1186/s13256-026-06285-4,"Successful survival after severe aluminum phosphide poisoning complicated by cardiogenic shock, atrial fibrillation and severe metabolic acidosis: a case report.",,2026,J Med Case Rep,https://europepmc.org/article/MED/42387583,case report/series (verify),,,,,,include,"agricultural-agent acute poisoning; agricultural/occupational context TO VERIFY at full text (may be non-occupational exposure, subcohort flag)",,,,
39093779,39093779,PMC11296451,10.1097/md.0000000000039160,Oculomotor nerve palsy caused by imidacloprid at initial diagnosis: A case report.,,2024,Medicine (Baltimore),https://europepmc.org/article/MED/39093779,case report/series (verify),,,,,,include,EXCLUDED-BY-HEURISTIC-RESCUED: neonicotinoid (imidacloprid),,,,
40891957,40891957,PMC12617309,10.1097/paf.0000000000001068,Fatal Asphyxia in the Head-down Position: An Uncommon Case of Accidental Work-related Death.,,2025,Am J Forensic Med Pathol,https://europepmc.org/article/MED/40891957,case report/series (verify),,,,,,exclude,title/abstract not identifiable as acute human pesticide poisoning case (verify: topic drift),,,,
38668495,38668495,PMC11053606,10.3390/toxics12040272,Accidental Aluminum Phosphide Intoxication Successfully Treated with Hyperbaric Oxygen Therapy: A Case Report.,,2024,Toxics,https://europepmc.org/article/MED/38668495,case report/series (verify),,,,,,include,"agricultural-agent acute poisoning; agricultural/occupational context TO VERIFY at full text (may be non-occupational exposure, subcohort flag)",,,,
38021470,38021470,PMC10665814,10.1016/j.toxrep.2023.11.003,Hemoadsorption and continuous venovenous hemodiafiltration in the management of paraquat poisoning during pregnancy: A case report.,,2023,Toxicol Rep,https://europepmc.org/article/MED/38021470,case report/series (verify),,,,,,include,"agricultural-agent acute poisoning; agricultural/occupational context TO VERIFY at full text (may be non-occupational exposure, subcohort flag)",,,,
37811118,37811118,PMC10553043,10.1097/ms9.0000000000001166,Acute paraquat poisoning complicated by acute kidney injury and lung fibrosis: a case report from Nepal.,,2023,Ann Med Surg (Lond),https://europepmc.org/article/MED/37811118,case report/series (verify),,,,,,include,"agricultural-agent acute poisoning; agricultural/occupational context TO VERIFY at full text (may be non-occupational exposure, subcohort flag)",,,,
40226774,40226774,PMC11991837,10.1155/crve/6512939,Investigating Avian Neglect and Welfare Violations: Case Studies in South Korea.,,2025,Case Rep Vet Med,https://europepmc.org/article/MED/40226774,case report/series (verify),,,,,,exclude,animal study,,,,
40213180,40213180,PMC11981317,10.1097/ms9.0000000000002877,Wild honey grayanotoxin intoxication in rural Himalayan region of Nepal: a case report.,,2025,Ann Med Surg (Lond),https://europepmc.org/article/MED/40213180,case report/series (verify),,,,,,exclude,title/abstract not identifiable as acute human pesticide poisoning case (verify: topic drift),,,,
37549027,37549027,PMC10662577,10.1097/paf.0000000000000870,Acute Organophosphate Poisoning Case Review With Consideration of Off-Gassing During Postmortem Examination.,,2023,Am J Forensic Med Pathol,https://europepmc.org/article/MED/37549027,case report/series (verify),,,,,,include,"agricultural-agent acute poisoning; agricultural/occupational context TO VERIFY at full text (may be non-occupational exposure, subcohort flag)",,,,
41586136,41586136,PMC12825813,,Identification of botulism C/D in 2 dogs &lt;i&gt;via&lt;/i&gt; polymerase chain reaction.,,2026,Can Vet J,https://europepmc.org/article/MED/41586136,case report/series (verify),,,,,,exclude,animal study,,,,
36860220,36860220,PMC9969900,10.7759/cureus.34303,Deltamethrin Poisoning Mimicking Organophosphate Poisoning: A Case Report.,,2023,Cureus,https://europepmc.org/article/MED/36860220,case report/series (verify),,,,,,include,"agricultural-agent acute poisoning; agricultural/occupational context TO VERIFY at full text (may be non-occupational exposure, subcohort flag)",,,,
39280989,39280989,PMC11402109,10.1016/j.toxrep.2024.101703,A clinical warning in the treatment of chlorfenapyr poisoning.,,2024,Toxicol Rep,https://europepmc.org/article/MED/39280989,case report/series (verify),,,,,,exclude,title/abstract not identifiable as acute human pesticide poisoning case (verify: topic drift),,,,
41648043,41648043,PMC12868594,10.1177/11795476251410403,Reversible Atrial Fibrillation and Cardiogenic Shock Following Acute Aluminum Phosphide Poisoning: A Case Report and Literature Review.,,2026,Clin Med Insights Case Rep,https://europepmc.org/article/MED/41648043,case report/series (verify),,,,,,include,"agricultural-agent acute poisoning; agricultural/occupational context TO VERIFY at full text (may be non-occupational exposure, subcohort flag)",,,,
36765404,36765404,PMC9921357,10.1186/s13256-022-03742-8,Imidacloprid poisoning in a young female: a case report.,,2023,J Med Case Rep,https://europepmc.org/article/MED/36765404,case report/series (verify),,,,,,include,"agricultural-agent acute poisoning; agricultural/occupational context TO VERIFY at full text (may be non-occupational exposure, subcohort flag)",,,,
40062144,40062144,PMC11886456,10.7759/cureus.78455,From Nature to Emergency: Cardiac Complications Following the Consumption of Unwashed Fruit.,,2025,Cureus,https://europepmc.org/article/MED/40062144,case report/series (verify),,,,,,exclude,non-pesticide toxicology,,,,
37727219,37727219,PMC10505946,10.1016/j.toxrep.2023.09.007,Acetamiprid and pyridaben poisoning: A case report.,,2023,Toxicol Rep,https://europepmc.org/article/MED/37727219,case report/series (verify),,,,,,exclude,title/abstract not identifiable as acute human pesticide poisoning case (verify: topic drift),,,,
36545010,36545010,PMC9761795,10.1177/2050313x221139621,Rare fatal poisoning through dermal exposure to paraquat.,,2022,SAGE Open Med Case Rep,https://europepmc.org/article/MED/36545010,case report/series (verify),,,,,,include,"agricultural-agent acute poisoning; agricultural/occupational context TO VERIFY at full text (may be non-occupational exposure, subcohort flag)",,,,
30678215,30678215,PMC6468642,10.3390/toxics7010004,Trends in the Use of Glyphosate Herbicide and Its Relevant Regulations in Taiwan: A Water Contaminant of Increasing Concern.,,2019,Toxics,https://europepmc.org/article/MED/30678215,case report/series (verify),,,,,,include,"agricultural-agent acute poisoning; agricultural/occupational context TO VERIFY at full text (may be non-occupational exposure, subcohort flag)",,,,
40655885,40655885,PMC11619541,10.31729/jnma.8772,Cartap Poisoning with Paroxysmal Supraventricular Tachycardia: A Case Report.,,2024,JNMA J Nepal Med Assoc,https://europepmc.org/article/MED/40655885,case report/series (verify),,,,,,exclude,title/abstract not identifiable as acute human pesticide poisoning case (verify: topic drift),,,,
39253837,39253837,,10.1177/00258172241257326,Organophosphorus poisoning causing haemorrhagic pancreatitis - a case series.,,2024,Med Leg J,https://europepmc.org/article/MED/39253837,case report/series (verify),,,,,,include,"agricultural-agent acute poisoning; agricultural/occupational context TO VERIFY at full text (may be non-occupational exposure, subcohort flag)",,,,
39070393,39070393,PMC11281941,10.7759/cureus.63228,Severe Amitraz Poisoning: A Case of Successful Emergency Intervention.,,2024,Cureus,https://europepmc.org/article/MED/39070393,case report/series (verify),,,,,,include,"agricultural-agent acute poisoning; agricultural/occupational context TO VERIFY at full text (may be non-occupational exposure, subcohort flag)",,,,
42087698,42087698,PMC13378272,10.1111/jpc.70414,Atypical Diagnosis in the Paediatric Emergency Department: Silent Tetanus.,,2026,J Paediatr Child Health,https://europepmc.org/article/MED/42087698,case report/series (verify),,,,,,exclude,non-pesticide toxicology,,,,
37649739,37649739,PMC10465059,10.4103/jfmpc.jfmpc_1590_22,A sweet emergency due to bitter poisoning-A case report.,,2023,J Family Med Prim Care,https://europepmc.org/article/MED/37649739,case report/series (verify),,,,,,exclude,title/abstract not identifiable as acute human pesticide poisoning case (verify: topic drift),,,,
38644498,38644498,PMC11034119,10.1186/s13052-024-01640-x,Two cases of diquat poisoning in adolescent children.,,2024,Ital J Pediatr,https://europepmc.org/article/MED/38644498,case report/series (verify),,,,,,include,"agricultural-agent acute poisoning; agricultural/occupational context TO VERIFY at full text (may be non-occupational exposure, subcohort flag)",,,,
38303997,38303997,PMC10828776,10.17221/82/2023-vetmed,Tremorgenic mycotoxin poisoning in a dog: A case report.,,2023,Vet Med (Praha),https://europepmc.org/article/MED/38303997,case report/series (verify),,,,,,exclude,title/abstract not identifiable as acute human pesticide poisoning case (verify: topic drift),,,,
41446851,41446851,PMC12722966,10.3389/fmed.2025.1667137,Acute kidney injury induced by mixed poisoning with brodifacoum and bromadiolone: a case report.,,2025,Front Med (Lausanne),https://europepmc.org/article/MED/41446851,case report/series (verify),,,,,,include,"agricultural-agent acute poisoning; agricultural/occupational context TO VERIFY at full text (may be non-occupational exposure, subcohort flag)",,,,
39429639,39429639,PMC11487235,10.12688/f1000research.147189.1,Case Report: Copper sulphate related hemophagocytosis with lymphohistiocytosis.,,2024,F1000Res,https://europepmc.org/article/MED/39429639,case report/series (verify),,,,,,include,"agricultural-agent acute poisoning; agricultural/occupational context TO VERIFY at full text (may be non-occupational exposure, subcohort flag)",,,,
36686108,36686108,PMC9851568,10.7759/cureus.32746,Management of Lambda-Cyhalothrin Poisoning in a North Indian Healthcare Setup: A Rare Case.,,2022,Cureus,https://europepmc.org/article/MED/36686108,case report/series (verify),,,,,,include,"agricultural-agent acute poisoning; agricultural/occupational context TO VERIFY at full text (may be non-occupational exposure, subcohort flag)",,,,
38532541,38532541,PMC10985417,10.12659/ajcr.943101,Case Report of Overlapping Pyloric Obstruction Due to Dichlorvos Poisoning and Cholelithiasis with Choledocholithiasis.,,2024,Am J Case Rep,https://europepmc.org/article/MED/38532541,case report/series (verify),,,,,,include,"agricultural-agent acute poisoning; agricultural/occupational context TO VERIFY at full text (may be non-occupational exposure, subcohort flag)",,,,
36654552,36654552,PMC9838593,10.7759/cureus.32516,Toxin-Induced Methemoglobinemia With Kidney Injury and Hypoxic Brain Injury in a Case of Pesticide Poisoning: A Case Report.,,2022,Cureus,https://europepmc.org/article/MED/36654552,case report/series (verify),,,,,,exclude,title/abstract not identifiable as acute human pesticide poisoning case (verify: topic drift),,,,
35345719,35345719,PMC8942044,10.7759/cureus.22481,Pneumothorax and Pneumomediastinum Complicating Organophosphate Poisoning: A Case Series of Complications Less Understood.,,2022,Cureus,https://europepmc.org/article/MED/35345719,case report/series (verify),,,,,,include,"agricultural-agent acute poisoning; agricultural/occupational context TO VERIFY at full text (may be non-occupational exposure, subcohort flag)",,,,
37965403,37965403,PMC10641856,10.7759/cureus.47016,Pyrethroid and Neonicotinoid Poisoning: A Good Prognosis.,,2023,Cureus,https://europepmc.org/article/MED/37965403,case report/series (verify),,,,,,include,"agricultural-agent acute poisoning; agricultural/occupational context TO VERIFY at full text (may be non-occupational exposure, subcohort flag)",,,,
36987471,36987471,PMC10040141,10.7759/cureus.35400,A Rare Presentation of Imidacloprid Poisoning.,,2023,Cureus,https://europepmc.org/article/MED/36987471,case report/series (verify),,,,,,include,"agricultural-agent acute poisoning; agricultural/occupational context TO VERIFY at full text (may be non-occupational exposure, subcohort flag)",,,,
38383128,38383128,PMC10882451,10.1136/bcr-2022-253435,Atypical organophosphate poisoning and a successful case of prolonged intubation in a low-resource newly developed intensive care unit in rural Zambia.,,2024,BMJ Case Rep,https://europepmc.org/article/MED/38383128,case report/series (verify),,,,,,include,"human acute agricultural-agent poisoning, case-type; occupational context + suitability to verify at full text",,,,
38846426,38846426,PMC11154875,10.17221/183/2020-vetmed,A case of carboxyatractyloside intoxication by ingestion of the cocklebur (Xanthium strumarium) in a Korean native cow.,,2022,Vet Med (Praha),https://europepmc.org/article/MED/38846426,case report/series (verify),,,,,,exclude,title/abstract not identifiable as acute human pesticide poisoning case (verify: topic drift),,,,
37662033,37662033,PMC10469624,10.3389/fneur.2023.1178272,Case report: Reversible splenial lesion syndrome caused by diquat poisoning.,,2023,Front Neurol,https://europepmc.org/article/MED/37662033,case report/series (verify),,,,,,include,"agricultural-agent acute poisoning; agricultural/occupational context TO VERIFY at full text (may be non-occupational exposure, subcohort flag)",,,,
33680410,33680410,PMC7919176,10.22088/cjim.12.1.119,Acute human lethal poisoning with hexaflumuron: A case report.,,2021,Caspian J Intern Med,https://europepmc.org/article/MED/33680410,case report/series (verify),,,,,,exclude,title/abstract not identifiable as acute human pesticide poisoning case (verify: topic drift),,,,
39114389,39114389,PMC11302508,10.4103/ijn.ijn_158_23,Severe and Recurrent Acute Kidney Injury Following Dichlorvos Exposure - A Case Report.,,2024,Indian J Nephrol,https://europepmc.org/article/MED/39114389,case report/series (verify),,,,,,include,"agricultural-agent acute poisoning; agricultural/occupational context TO VERIFY at full text (may be non-occupational exposure, subcohort flag)",,,,
37362485,37362485,PMC10285569,10.7759/cureus.39368,Intermediate Syndrome Due to Organophosphate Poisoning: A Case Report.,,2023,Cureus,https://europepmc.org/article/MED/37362485,case report/series (verify),,,,,,include,"agricultural-agent acute poisoning; agricultural/occupational context TO VERIFY at full text (may be non-occupational exposure, subcohort flag)",,,,
34123928,34123928,PMC8144775,10.4103/jfmpc.jfmpc_2020_20,Paraquat poisoning in Andaman and Nicobar Islands - Government must intervene.,,2021,J Family Med Prim Care,https://europepmc.org/article/MED/34123928,case report/series (verify),,,,,,include,"agricultural-agent acute poisoning; agricultural/occupational context TO VERIFY at full text (may be non-occupational exposure, subcohort flag)",,,,
35396244,35396244,PMC8995944,10.1136/bcr-2021-246381,Role of intravenous lipid emulsion therapy and packed red blood cell transfusion as adjuvant treatment in the management of a child with severe organophosphate poisoning (chlorpyrifos).,,2022,BMJ Case Rep,https://europepmc.org/article/MED/35396244,case report/series (verify),,,,,,include,"agricultural-agent acute poisoning; agricultural/occupational context TO VERIFY at full text (may be non-occupational exposure, subcohort flag)",,,,
41049969,41049969,PMC12490852,10.7759/cureus.91495,A Rare Case of Poisoning Due to γ-Benzene Hexachloride and Cetrimide (Labscab) Lotion Ingestion.,,2025,Cureus,https://europepmc.org/article/MED/41049969,case report/series (verify),,,,,,exclude,title/abstract not identifiable as acute human pesticide poisoning case (verify: topic drift),,,,
38125255,38125255,PMC10731128,10.7759/cureus.49069,Resurgence to Life: A Case Report on Inpatient Rehabilitation in Organophosphate Poisoning Followed by Intermediate Syndrome.,,2023,Cureus,https://europepmc.org/article/MED/38125255,case report/series (verify),,,,,,include,"agricultural-agent acute poisoning; agricultural/occupational context TO VERIFY at full text (may be non-occupational exposure, subcohort flag)",,,,
39105001,39105001,PMC11299130,10.7759/cureus.63929,A Comprehensive Physiotherapy Approach to Regain Functional Independence in Intermediate Syndrome Secondary to Organophosphate Poisoning: A Case Report.,,2024,Cureus,https://europepmc.org/article/MED/39105001,case report/series (verify),,,,,,include,"agricultural-agent acute poisoning; agricultural/occupational context TO VERIFY at full text (may be non-occupational exposure, subcohort flag)",,,,
42123549,42123549,PMC13163954,10.3390/ijms27093970,"Evidence-Based Assessment of Pesticide-Related Nephrotoxicity: Clinical Outcomes, Experimental Data, and Molecular Signatures.",,2026,Int J Mol Sci,https://europepmc.org/article/MED/42123549,case report/series (verify),,,,,,exclude,title/abstract not identifiable as acute human pesticide poisoning case (verify: topic drift),,,,
42756941,42756941,PMC13585111,10.5005/jp-journals-10071-25250,Indian Society of Critical Care Medicine Position Statement on the Management of Paraquat Poisoning.,,2026,Indian J Crit Care Med,https://europepmc.org/article/MED/42756941,case report/series (verify),,,,,,include,"agricultural-agent acute poisoning; agricultural/occupational context TO VERIFY at full text (may be non-occupational exposure, subcohort flag)",,,,
42249321,42249321,PMC13466133,10.1186/s12872-026-05967-7,Pesticide exposure and the risk of arterial hypertension and obesity in farm workers: a systematic review of literature.,,2026,BMC Cardiovasc Disord,https://europepmc.org/article/MED/42249321,case report/series (verify),,,,,,exclude,not case-level data (review/abstracts/guideline),,,,
41995614,41995614,,10.1177/10806032261436381,Paraquat Poisoning from a Tertiary Care Center in Northern India: A Case Series.,,2026,Wilderness Environ Med,https://europepmc.org/article/MED/41995614,case report/series (verify),,,,,,include,"agricultural-agent acute poisoning; agricultural/occupational context TO VERIFY at full text (may be non-occupational exposure, subcohort flag)",,,,
42582822,42582822,PMC13458497,10.5005/jp-journals-10071-25244,Urine Dithionite-guided Hemoperfusion in Acute Paraquat Poisoning: A Retrospective Observational Study from South India.,,2026,Indian J Crit Care Med,https://europepmc.org/article/MED/42582822,case report/series (verify),,,,,,include,"agricultural-agent acute poisoning; agricultural/occupational context TO VERIFY at full text (may be non-occupational exposure, subcohort flag)",,,,
41356634,41356634,PMC12680488,10.1002/ccr3.71638,Paraquat Poisoning: A Case Series.,,2025,Clin Case Rep,https://europepmc.org/article/MED/41356634,case report/series (verify),,,,,,include,"agricultural-agent acute poisoning; agricultural/occupational context TO VERIFY at full text (may be non-occupational exposure, subcohort flag)",,,,
41868073,41868073,PMC12999658,10.5005/jp-journals-10071-25131,Paraquat Peril: A Retrospective Study from the Frontlines of a Quaternary Care Hospital in South India.,,2026,Indian J Crit Care Med,https://europepmc.org/article/MED/41868073,case report/series (verify),,,,,,include,"agricultural-agent acute poisoning; agricultural/occupational context TO VERIFY at full text (may be non-occupational exposure, subcohort flag)",,,,
42088828,42088828,PMC13137143,10.1016/j.toxrep.2026.102260,"Acute 2,4-dichlorophenoxyacetic acid herbicide poisoning in rural India: clinical spectrum, multiorgan toxicity, and outcomes in an eight-patient observational study.",,2026,Toxicol Rep,https://europepmc.org/article/MED/42088828,case report/series (verify),,,,,,include,"human acute agricultural-agent poisoning, case-type; occupational context + suitability to verify at full text",,,,
40337403,40337403,PMC12055129,10.1097/ms9.0000000000003174,Paraquat poisoning: a case series of 15 survivors and narrative review.,,2025,Ann Med Surg (Lond),https://europepmc.org/article/MED/40337403,case report/series (verify),,,,,,exclude,not case-level data (review/abstracts/guideline),,,,
41222711,41222711,PMC12855454,10.1007/s00702-025-03054-3,Pesticides and parkinson's disease: causal relationship at the population and individual level?,,2026,J Neural Transm (Vienna),https://europepmc.org/article/MED/41222711,case report/series (verify),,,,,,exclude,title/abstract not identifiable as acute human pesticide poisoning case (verify: topic drift),,,,
42015459,42015459,PMC13532876,10.1002/jat.70215,Understanding Chlorfenapyr Toxicity: An Overview of Acute Human Exposure and Clinical Outcomes.,,2026,J Appl Toxicol,https://europepmc.org/article/MED/42015459,case report/series (verify),,,,,,exclude,title/abstract not identifiable as acute human pesticide poisoning case (verify: topic drift),,,,
42258859,42258859,PMC13246183,10.5811/westjem.50823,Therapeutic Interventions in Organophosphate Poisoning: An Umbrella Review of Systematic Reviews.,,2026,West J Emerg Med,https://europepmc.org/article/MED/42258859,case report/series (verify),,,,,,exclude,not case-level data (review/abstracts/guideline),,,,
41346989,41346989,PMC12672530,10.3389/fmed.2025.1713595,Optimization of concentration-directed blood purification therapy in the management of diquat poisoning.,,2025,Front Med (Lausanne),https://europepmc.org/article/MED/41346989,case report/series (verify),,,,,,include,"agricultural-agent acute poisoning; agricultural/occupational context TO VERIFY at full text (may be non-occupational exposure, subcohort flag)",,,,
41114391,41114391,PMC12532245,10.5005/jp-journals-10071-25026,A Prospective Study to Assess the Profile and Outcome of Acute Paraquat Poisoning in a Tertiary Care Hospital of West Bengal.,,2025,Indian J Crit Care Med,https://europepmc.org/article/MED/41114391,case report/series (verify),,,,,,include,"agricultural-agent acute poisoning; agricultural/occupational context TO VERIFY at full text (may be non-occupational exposure, subcohort flag)",,,,
40702417,40702417,PMC12866887,10.1186/s12873-025-01294-w,"Metallophosphide poisoning, a rising public health problem in Ethiopia: a systematic review and meta-analysis.",,2025,BMC Emerg Med,https://europepmc.org/article/MED/40702417,case report/series (verify),,,,,,exclude,not case-level data (review/abstracts/guideline),,,,
41965502,41965502,PMC13072598,10.1186/s12245-026-01231-z,Acute fipronil toxicity in humans following intentional ingestion: a case report with favorable outcome from a resource-limited setting.,,2026,Int J Emerg Med,https://europepmc.org/article/MED/41965502,case report/series (verify),,,,,,include,EXCLUDED-BY-HEURISTIC-RESCUED: fipronil (agricultural insecticide),,,,
40814521,40814521,PMC12349849,10.4103/jfmpc.jfmpc_348_25,"Rubber latex processing acid poisoning in India: Epidemiology, clinical outcomes, and forensic insights - A systematic review.",,2025,J Family Med Prim Care,https://europepmc.org/article/MED/40814521,case report/series (verify),,,,,,exclude,not case-level data (review/abstracts/guideline),,,,
41179601,41179601,PMC12575183,10.1002/ccr3.71329,A Cyanotic Dilemma: Nitrobenzene Poisoning-A Case Report.,,2025,Clin Case Rep,https://europepmc.org/article/MED/41179601,case report/series (verify),,,,,,exclude,title/abstract not identifiable as acute human pesticide poisoning case (verify: topic drift),,,,
40060083,40060083,PMC11883306,10.25259/ijn_3_2024,Poisoning and Envenomation Induced Acute Kidney Injury: A Hospital-Based Study.,,2025,Indian J Nephrol,https://europepmc.org/article/MED/40060083,case report/series (verify),,,,,,exclude,title/abstract not identifiable as acute human pesticide poisoning case (verify: topic drift),,,,
40144811,40144811,PMC11944672,10.1155/jt/6015251,Acute Poisonings in the Fez-Meknes Region Reported to the Poison Control and Pharmacovigilance Center of Morocco: A 20-Year Retrospective Study.,,2025,J Toxicol,https://europepmc.org/article/MED/40144811,case report/series (verify),,,,,,exclude,title/abstract not identifiable as acute human pesticide poisoning case (verify: topic drift),,,,
37420003,37420003,PMC10838859,10.1007/s00127-023-02526-9,The role of alcohol use in pesticide suicide and self-harm: a scoping review.,,2024,Soc Psychiatry Psychiatr Epidemiol,https://europepmc.org/article/MED/37420003,case report/series (verify),,,,,,exclude,not case-level data (review/abstracts/guideline),,,,
39280539,39280539,PMC11394274,10.7759/cureus.66842,Exploring the Landscape of Adult Acute Poisoning in Saudi Arabia: A Comprehensive Narrative Review.,,2024,Cureus,https://europepmc.org/article/MED/39280539,case report/series (verify),,,,,,exclude,not case-level data (review/abstracts/guideline),,,,
42634103,42634103,PMC13500746,10.1111/1541-4337.70622,"Pesticide Residues, Gut Microbiota, and Gastrointestinal Outcomes: A Scoping Review of Human Evidence.",,2026,Compr Rev Food Sci Food Saf,https://europepmc.org/article/MED/42634103,case report/series (verify),,,,,,exclude,not case-level data (review/abstracts/guideline),,,,
38751624,38751624,PMC11092036,10.1021/acsptsci.4c00046,"Glyphosate: Hepatotoxicity, Nephrotoxicity, Hemotoxicity, Carcinogenicity, and Clinical Cases of Endocrine, Reproductive, Cardiovascular, and Pulmonary System Intoxication.",,2024,ACS Pharmacol Transl Sci,https://europepmc.org/article/MED/38751624,case report/series (verify),,,,,,include,"agricultural-agent acute poisoning; agricultural/occupational context TO VERIFY at full text (may be non-occupational exposure, subcohort flag)",,,,
37041526,37041526,PMC10088141,10.1186/s12889-023-15505-1,Suicides by pesticide ingestion in Pakistan and the impact of pesticide regulation.,,2023,BMC Public Health,https://europepmc.org/article/MED/37041526,case report/series (verify),,,,,,exclude,title/abstract not identifiable as acute human pesticide poisoning case (verify: topic drift),,,,
40011409,40011409,PMC11933582,10.1007/s13181-025-01061-0,"2025 ACMT Annual Scientific Meeting Abstracts - Vancouver, Canada.",,2025,J Med Toxicol,https://europepmc.org/article/MED/40011409,case report/series (verify),,,,,,exclude,not case-level data (review/abstracts/guideline),,,,
40785961,40785961,PMC12331187,10.4103/jfcm.jfcm_337_24,Prevalence of toxin exposure in regions of Saudi Arabia: A systematic review and meta-analysis.,,2025,J Family Community Med,https://europepmc.org/article/MED/40785961,case report/series (verify),,,,,,exclude,not case-level data (review/abstracts/guideline),,,,
40202731,40202731,PMC12338999,10.1001/jamadermatol.2025.0404,Dermatologic Care and Skin Health of Migrant Populations in the US: A Scoping Review.,,2025,JAMA Dermatol,https://europepmc.org/article/MED/40202731,case report/series (verify),,,,,,exclude,not case-level data (review/abstracts/guideline),,,,
39114363,39114363,PMC11303190,10.3389/fphar.2024.1421437,Treatment of an accident of imidacloprid poisoning.,,2024,Front Pharmacol,https://europepmc.org/article/MED/39114363,case report/series (verify),,,,,,include,"agricultural-agent acute poisoning; agricultural/occupational context TO VERIFY at full text (may be non-occupational exposure, subcohort flag)",,,,
38975359,38975359,PMC11224295,10.3389/fpubh.2024.1368991,Occupational accidents and the use of PPE: a global meta-analysis.,,2024,Front Public Health,https://europepmc.org/article/MED/38975359,case report/series (verify),,,,,,exclude,not case-level data (review/abstracts/guideline),,,,
41836011,41836011,PMC12982466,10.3389/fphar.2026.1765786,"The impact of nutritional, environmental, and lifestyle factors on neurological disorders: therapeutic implications and mechanistic insights.",,2026,Front Pharmacol,https://europepmc.org/article/MED/41836011,case report/series (verify),,,,,,exclude,non-pesticide toxicology,,,,
39330596,39330596,PMC11435638,10.3390/toxics12090668,Emamectin Poisoning in Thailand: Clinical Characteristics and Outcomes.,,2024,Toxics,https://europepmc.org/article/MED/39330596,case report/series (verify),,,,,,include,"agricultural-agent acute poisoning; agricultural/occupational context TO VERIFY at full text (may be non-occupational exposure, subcohort flag)",,,,
38222268,38222268,PMC10785725,10.1177/23779608231226081,"Patterns, Clinical Outcome, and Factors Associated with Poisoning Outcomes among Poisoned Patients in Northwest Ethiopia.",,2024,SAGE Open Nurs,https://europepmc.org/article/MED/38222268,case report/series (verify),,,,,,exclude,title/abstract not identifiable as acute human pesticide poisoning case (verify: topic drift),,,,
38145261,38145261,PMC10735555,10.1093/omcr/omad139,Attempted suicidal poisoning with pretilachlor: case series of a herbicide simulating organophosphorus toxicity.,,2023,Oxf Med Case Reports,https://europepmc.org/article/MED/38145261,case report/series (verify),,,,,,include,"agricultural-agent acute poisoning; agricultural/occupational context TO VERIFY at full text (may be non-occupational exposure, subcohort flag)",,,,
41142973,41142973,PMC12548676,,Emergence of mortality due to centrilobular to massive hepatic necrosis in western Canadian beef calves.,,2025,Can Vet J,https://europepmc.org/article/MED/41142973,case report/series (verify),,,,,,exclude,animal study,,,,
36422474,36422474,PMC10395666,10.55730/1300-0144.5508,Prospective analysis of intoxicated patients developing shock and/or organ failure.,,2022,Turk J Med Sci,https://europepmc.org/article/MED/36422474,case report/series (verify),,,,,,exclude,title/abstract not identifiable as acute human pesticide poisoning case (verify: topic drift),,,,
34294076,34294076,PMC8296580,10.1186/s12889-021-11156-2,Importance of pesticides for lethal poisoning in India during 1999 to 2018: a systematic review.,,2021,BMC Public Health,https://europepmc.org/article/MED/34294076,case report/series (verify),,,,,,exclude,not case-level data (review/abstracts/guideline),,,,
38376790,38376790,PMC10959886,10.1007/s13181-024-00994-2,"ACMT Clinicopathological Conference: The Intoxicated, Poisoned Groundskeeper.",,2024,J Med Toxicol,https://europepmc.org/article/MED/38376790,case report/series (verify),,,,,,exclude,not case-level data (review/abstracts/guideline),,,,
36138568,36138568,PMC9511329,10.1177/03000605221122745,The toxicokinetics of acute paraquat poisoning in specific patients: a case series.,,2022,J Int Med Res,https://europepmc.org/article/MED/36138568,case report/series (verify),,,,,,include,"agricultural-agent acute poisoning; agricultural/occupational context TO VERIFY at full text (may be non-occupational exposure, subcohort flag)",,,,
42747330,42747330,PMC13580465,10.1002/jca.70141,Guidelines on the Use of Therapeutic Apheresis in Clinical Practice-Evidence-Based Approach From the Writing Committee of the American Society for Apheresis: The Tenth Special Issue.,,2026,J Clin Apher,https://europepmc.org/article/MED/42747330,case report/series (verify),,,,,,exclude,not case-level data (review/abstracts/guideline),,,,
PMC10959849,,PMC10959849,,"2024 ACMT Annual Scientific Meeting Abstracts – Washington, DC",,2024,J Med Toxicol,https://europepmc.org/article/PMC/PMC10959849,case report/series (verify),,,,,,exclude,not case-level data (review/abstracts/guideline),,,,
PMC12975069,,PMC12975069,,Proceedings: National multidisciplinary conference on recent advances in medical specialities,,2026,J Family Med Prim Care,https://europepmc.org/article/PMC/PMC12975069,case report/series (verify),,,,,,exclude,not case-level data (review/abstracts/guideline),,,,
35950874,35950874,,10.1080/15563650.2022.2105710,Acute fungicide self-poisoning - a prospective case series.,,2022,Clin Toxicol (Phila),https://europepmc.org/article/MED/35950874,case report/series (verify),,,,,,exclude,title/abstract not identifiable as acute human pesticide poisoning case (verify: topic drift),,,,
41963075,41963075,PMC13084919,10.1136/bmjresp-2025-003961,Occupational exposure to toxic particles and risk of pulmonary sarcoidosis: a systematic review and meta-analysis.,,2026,BMJ Open Respir Res,https://europepmc.org/article/MED/41963075,case report/series (verify),,,,,,exclude,not case-level data (review/abstracts/guideline),,,,
PMC12945384,,PMC12945384,,ABSTRACTS FOR E-POSTERS,,2026,Indian J Psychiatry,https://europepmc.org/article/PMC/PMC12945384,case report/series (verify),,,,,,exclude,not case-level data (review/abstracts/guideline),,,,
39432630,39432630,PMC11495704,10.1097/md.0000000000040066,Insulin in aluminum phosphide poisoning: A systematic review of the current literature.,,2024,Medicine (Baltimore),https://europepmc.org/article/MED/39432630,case report/series (verify),,,,,,exclude,not case-level data (review/abstracts/guideline),,,,
37239684,37239684,PMC10218255,10.3390/healthcare11101398,"A Retrospective Study of Epidemiological Correlations of Food, Drug and Chemical Poisoning in Al-Baha, Western Saudi Arabia.",,2023,Healthcare (Basel),https://europepmc.org/article/MED/37239684,case report/series (verify),,,,,,exclude,title/abstract not identifiable as acute human pesticide poisoning case (verify: topic drift),,,,
36381386,36381386,PMC9662705,10.18103/mra.v10i9.3015,Is Serum Creatine Phosphokinase Level Useful to Predict the Severity of Organophosphate Poisoning?,,2022,Med Res Arch,https://europepmc.org/article/MED/36381386,case report/series (verify),,,,,,include,"agricultural-agent acute poisoning; agricultural/occupational context TO VERIFY at full text (may be non-occupational exposure, subcohort flag)",,,,
41596374,41596374,PMC12840800,10.3390/ijms27020720,Metal Pollution in the Air and Its Effects on Vulnerable Populations: A Narrative Review.,,2026,Int J Mol Sci,https://europepmc.org/article/MED/41596374,case report/series (verify),,,,,,exclude,not case-level data (review/abstracts/guideline),,,,
37876677,37876677,PMC10593573,10.1016/j.lana.2023.100570,Pesticides and passion: a qualitative psychological autopsy study of suicide in Guyana.,,2023,Lancet Reg Health Am,https://europepmc.org/article/MED/37876677,case report/series (verify),,,,,,exclude,title/abstract not identifiable as acute human pesticide poisoning case (verify: topic drift),,,,
37082486,37082486,PMC10112933,10.7759/cureus.36369,A Methodological Review of Drug-Related Toxicological Studies in Saudi Arabia.,,2023,Cureus,https://europepmc.org/article/MED/37082486,case report/series (verify),,,,,,exclude,not case-level data (review/abstracts/guideline),,,,
39108549,39108549,PMC11299971,10.1159/000537745,The Effects of Environmental Pollutants and Exposures on Hair Follicle Pathophysiology.,,2024,Skin Appendage Disord,https://europepmc.org/article/MED/39108549,case report/series (verify),,,,,,exclude,title/abstract not identifiable as acute human pesticide poisoning case (verify: topic drift),,,,
32075613,32075613,PMC7031890,10.1186/s12889-020-8339-z,Suicide by pesticide poisoning in India: a review of pesticide regulations and their impact on suicide trends.,,2020,BMC Public Health,https://europepmc.org/article/MED/32075613,case report/series (verify),,,,,,exclude,title/abstract not identifiable as acute human pesticide poisoning case (verify: topic drift),,,,
34335205,34335205,PMC8322659,10.3389/fnhum.2021.648171,"Neurobehavioral, Neuromotor, and Neurocognitive Effects in Agricultural Workers and Their Children Exposed to Pyrethroid Pesticides: A Review.",,2021,Front Hum Neurosci,https://europepmc.org/article/MED/34335205,case report/series (verify),,,,,,include,"human acute agricultural-agent poisoning, case-type; occupational context + suitability to verify at full text",,,,
31054622,31054622,PMC12881994,10.1016/j.semnephrol.2019.02.001,Environmental and Occupational Exposures in Kidney Disease.,,2019,Semin Nephrol,https://europepmc.org/article/MED/31054622,case report/series (verify),,,,,,exclude,title/abstract not identifiable as acute human pesticide poisoning case (verify: topic drift),,,,
41026019,41026019,PMC12536831,10.36141/svdld.v42i3.16384,Particles exposures and sarcoidosis.,,2025,Sarcoidosis Vasc Diffuse Lung Dis,https://europepmc.org/article/MED/41026019,case report/series (verify),,,,,,exclude,title/abstract not identifiable as acute human pesticide poisoning case (verify: topic drift),,,,
37948128,37948128,PMC10756658,10.1093/occmed/kqad108,Hydrogen cyanamide exposure: a case series from Pavia Poison Control Centre.,,2023,Occup Med (Lond),https://europepmc.org/article/MED/37948128,case report/series (verify),,,,,,exclude,title/abstract not identifiable as acute human pesticide poisoning case (verify: topic drift),,,,
35604441,35604441,PMC9823069,10.1007/s00420-022-01878-0,Systematic literature review of the epidemiology of glyphosate and neurological outcomes.,,2023,Int Arch Occup Environ Health,https://europepmc.org/article/MED/35604441,case report/series (verify),,,,,,exclude,not case-level data (review/abstracts/guideline),,,,
35622682,35622682,PMC9144076,10.3390/toxics10050269,"Development, Optimization, and Validation of Forensic Analytical Method for Quantification of Anticholinesterase Pesticides in Biological Matrices from Suspected Cases of Animal Poisoning.",,2022,Toxics,https://europepmc.org/article/MED/35622682,case report/series (verify),,,,,,exclude,title/abstract not identifiable as acute human pesticide poisoning case (verify: topic drift),,,,
39314197,39314197,PMC11471919,10.3345/cep.2023.01522,Effect of pesticide exposure on stunting incidence: a systematic review and meta-analysis.,,2024,Clin Exp Pediatr,https://europepmc.org/article/MED/39314197,case report/series (verify),,,,,,exclude,not case-level data (review/abstracts/guideline),,,,
34120596,34120596,PMC8201746,10.1186/s12889-021-11155-3,Suicide by pesticide ingestion in Nepal and the impact of pesticide regulation.,,2021,BMC Public Health,https://europepmc.org/article/MED/34120596,case report/series (verify),,,,,,exclude,title/abstract not identifiable as acute human pesticide poisoning case (verify: topic drift),,,,
40869821,40869821,PMC12386648,10.3390/ijerph22081235,Thallium Exposure Secondary to Commercial Kale Chip Consumption: California Case Highlights Opportunities for Improved Surveillance and Toxicological Understanding.,,2025,Int J Environ Res Public Health,https://europepmc.org/article/MED/40869821,case report/series (verify),,,,,,exclude,title/abstract not identifiable as acute human pesticide poisoning case (verify: topic drift),,,,
39656729,39656729,PMC11630603,10.1371/journal.pone.0312251,Occupational health in the Gulf Cooperation Council (GCC): A systematic review and call for comprehensive policy development.,,2024,PLoS One,https://europepmc.org/article/MED/39656729,case report/series (verify),,,,,,exclude,not case-level data (review/abstracts/guideline),,,,
35945885,35945885,,10.33314/jnhrc.v20i01.3607,"Aluminum Phosphide Poisoning, an Institutional Experience: Case Series.",,2022,J Nepal Health Res Counc,https://europepmc.org/article/MED/35945885,case report/series (verify),,,,,,include,"agricultural-agent acute poisoning; agricultural/occupational context TO VERIFY at full text (may be non-occupational exposure, subcohort flag)",,,,
38859960,38859960,PMC11164299,10.1016/j.neurop.2023.100138,Approach to non-compressive myeloneuropathy through a rendezvous of 11 cases from an Indian backdrop.,,2024,Neurol Perspect,https://europepmc.org/article/MED/38859960,case report/series (verify),,,,,,exclude,title/abstract not identifiable as acute human pesticide poisoning case (verify: topic drift),,,,
32538930,32538930,PMC7654463,10.31729/jnma.4919,Amitraz Poisoning - Tale of an Unusual Pesticide Poisoning: A Case Report.,,2020,JNMA J Nepal Med Assoc,https://europepmc.org/article/MED/32538930,case report/series (verify),,,,,,include,"agricultural-agent acute poisoning; agricultural/occupational context TO VERIFY at full text (may be non-occupational exposure, subcohort flag)",,,,
34471518,34471518,PMC8329602,10.12688/f1000research.54327.2,Psychological and clinical-epidemiological profile of poisoning in Nepal: an institutional experience.,,2021,F1000Res,https://europepmc.org/article/MED/34471518,case report/series (verify),,,,,,exclude,title/abstract not identifiable as acute human pesticide poisoning case (verify: topic drift),,,,
34134811,34134811,PMC8240123,10.1192/bjo.2021.923,"Suicide by poisoning in Pakistan: review of regional trends, toxicity and management of commonly used agents in the past three decades.",,2021,BJPsych Open,https://europepmc.org/article/MED/34134811,case report/series (verify),,,,,,exclude,title/abstract not identifiable as acute human pesticide poisoning case (verify: topic drift),,,,
PMC10504454,,PMC10504454,,ABSTRACTS CRITICARE – IJCCM2023,,2023,Indian J Crit Care Med,https://europepmc.org/article/PMC/PMC10504454,case report/series (verify),,,,,,exclude,not case-level data (review/abstracts/guideline),,,,
34888010,34888010,PMC8613664,10.4239/wjd.v12.i11.1818,Organophosphate pesticides and new-onset diabetes mellitus: From molecular mechanisms to a possible therapeutic perspective.,,2021,World J Diabetes,https://europepmc.org/article/MED/34888010,case report/series (verify),,,,,,include,"agricultural-agent acute poisoning; agricultural/occupational context TO VERIFY at full text (may be non-occupational exposure, subcohort flag)",,,,
34325742,34325742,PMC8321600,10.1186/s13256-021-02919-x,Acute poisoning with acetamiprid: a case report.,,2021,J Med Case Rep,https://europepmc.org/article/MED/34325742,case report/series (verify),,,,,,exclude,title/abstract not identifiable as acute human pesticide poisoning case (verify: topic drift),,,,
36535986,36535986,PMC9763389,10.1038/s41598-022-25313-z,Epidemiology and renal injury following 2-methyl-4-chlorophenoxyacetic acid (MCPA) poisoning.,,2022,Sci Rep,https://europepmc.org/article/MED/36535986,case report/series (verify),,,,,,exclude,title/abstract not identifiable as acute human pesticide poisoning case (verify: topic drift),,,,
33364178,33364178,PMC7750177,10.1016/j.toxrep.2020.12.005,Cypermethrin poisoning manifesting with prolonged bradycardia: A case report.,,2021,Toxicol Rep,https://europepmc.org/article/MED/33364178,case report/series (verify),,,,,,include,"agricultural-agent acute poisoning; agricultural/occupational context TO VERIFY at full text (may be non-occupational exposure, subcohort flag)",,,,
34823333,34823333,PMC12747447,10.11622/smedj.2021220,Secondary exposure to organophosphate in the emergency department: analysis of an incident.,,2025,Singapore Med J,https://europepmc.org/article/MED/34823333,case report/series (verify),,,,,,include,"agricultural-agent acute poisoning; agricultural/occupational context TO VERIFY at full text (may be non-occupational exposure, subcohort flag)",,,,
31500467,31500467,,10.1080/15563650.2019.1662433,How many premature deaths from pesticide suicide have occurred since the agricultural Green Revolution?,,2020,Clin Toxicol (Phila),https://europepmc.org/article/MED/31500467,case report/series (verify),,,,,,exclude,title/abstract not identifiable as acute human pesticide poisoning case (verify: topic drift),,,,
32021001,32021001,PMC6996657,10.5005/jp-journals-10071-23306,Paraquat: The Poison Potion.,,2019,Indian J Crit Care Med,https://europepmc.org/article/MED/32021001,case report/series (verify),,,,,,include,"agricultural-agent acute poisoning; agricultural/occupational context TO VERIFY at full text (may be non-occupational exposure, subcohort flag)",,,,
31237170,31237170,PMC6598532,10.1080/0886022x.2019.1628780,Acute toxic kidney injury.,,2019,Ren Fail,https://europepmc.org/article/MED/31237170,case report/series (verify),,,,,,exclude,title/abstract not identifiable as acute human pesticide poisoning case (verify: topic drift),,,,
36952114,36952114,PMC10035466,10.1007/s13181-023-00930-w,"2023 ACMT Annual Scientific Meeting Abstracts - San Diego, CA.",,2023,J Med Toxicol,https://europepmc.org/article/MED/36952114,case report/series (verify),,,,,,exclude,not case-level data (review/abstracts/guideline),,,,
33748533,33748533,PMC7968045,10.1007/s12403-020-00361-w,"Associations of acetylcholinesterase inhibition between pesticide spray seasons with depression and anxiety symptoms in adolescents, and the role of sex and adrenal hormones on gender moderation.",,2021,Expo Health,https://europepmc.org/article/MED/33748533,case report/series (verify),,,,,,exclude,title/abstract not identifiable as acute human pesticide poisoning case (verify: topic drift),,,,
33960866,33960866,,10.1080/15563650.2021.1917596,Acute phenthoate self-poisoning: a prospective case series.,,2022,Clin Toxicol (Phila),https://europepmc.org/article/MED/33960866,case report/series (verify),,,,,,exclude,title/abstract not identifiable as acute human pesticide poisoning case (verify: topic drift),,,,
36778929,36778929,PMC9903603,10.1016/j.lana.2022.100253,Suicidal behaviour and ideation in Guyana: A systematic literature review.,,2022,Lancet Reg Health Am,https://europepmc.org/article/MED/36778929,case report/series (verify),,,,,,exclude,not case-level data (review/abstracts/guideline),,,,
32021000,32021000,PMC6996656,10.5005/jp-journals-10071-23308,Neonicotinoid Poisoning and Management.,,2019,Indian J Crit Care Med,https://europepmc.org/article/MED/32021000,case report/series (verify),,,,,,include,"agricultural-agent acute poisoning; agricultural/occupational context TO VERIFY at full text (may be non-occupational exposure, subcohort flag)",,,,
37397917,37397917,PMC10311134,10.1093/toxres/tfad035,The therapeutic benefit of antioxidants on the outcome of acute aluminum phosphide poisoning: a systemic review and meta-analysis.,,2023,Toxicol Res (Camb),https://europepmc.org/article/MED/37397917,case report/series (verify),,,,,,exclude,not case-level data (review/abstracts/guideline),,,,
PMC10775241,,PMC10775241,,POSTER PRESENTATIONS,,2023,Indian J Nephrol,https://europepmc.org/article/PMC/PMC10775241,case report/series (verify),,,,,,exclude,not case-level data (review/abstracts/guideline),,,,
41216213,41216213,PMC12597289,10.1016/j.lanwpc.2025.101720,Adverse health outcomes among migrant workers and transnational families in the Asia-Pacific: a systematic review and meta-analysis.,,2025,Lancet Reg Health West Pac,https://europepmc.org/article/MED/41216213,case report/series (verify),,,,,,exclude,not case-level data (review/abstracts/guideline),,,,
32963444,32963444,PMC7482335,10.5005/jp-journals-10071-23479,The First Case Series Report of Typhonium trilobatum Tuber Poisoning in Humans.,,2020,Indian J Crit Care Med,https://europepmc.org/article/MED/32963444,case report/series (verify),,,,,,exclude,title/abstract not identifiable as acute human pesticide poisoning case (verify: topic drift),,,,
