pmid,pubdate,journal,title,lang,oa,pmcid,abstract,screen_auto,include_exclude,reason
42760695,2026 Sep 18,Medicine (Baltimore),Coinfection of Pneumocystis jirovecii and Aspergillus fumigatus in the lung: A case report.,,Y,PMC13592971,,EXCLUDE-case report,,
42759762,2026 Sep 18,Int J Infect Dis,Diagnostic value of metagenomic next-generation sequencing for pulmonary fungal infections in patients with haematological diseases: a multicentre retrospective study.,,N,,,INCLUDE?,,
42755623,2026,Front Cell Infect Microbiol,Application of metagenomic next-generation sequencing in gastrointestinal infections in children after allogeneic hematopoietic stem cell transplantation.,,Y,PMC13581634,,MAYBE,,
42703537,2026,Infect Drug Resist,Fatal Pharyngeal Cellulitis Caused by Rhizopus microsporus in a Patient with Acute Myeloid Leukemia.,,Y,PMC13546628,,EXCLUDE-scope,,
42676502,2026,Front Med (Lausanne),Bronchoscopic local instillation of amphotericin B deoxycholate as adjunctive therapy for pulmonary mucormycosis with inadequate response to posaconazole: a retrospective case series.,,Y,PMC13526596,,EXCLUDE-scope,,
42675750,2026 Aug 28,Medicine (Baltimore),An Aspergillus luchuensis isolated from a patient with hemoptysis insights from a comprehensive genome-based analysis: Case report.,,Y,PMC13529141,,EXCLUDE-case report,,
42572760,2026,Infect Drug Resist,First Case of Concurrent Cytomegalovirus and Aspergillus tamarii Pulmonary Infections in a Mantle Cell Lymphoma Patient: A Case Report and Literature Review.,,Y,PMC13453347,,EXCLUDE-case report,,
42502253,2026 Jul 25,Transpl Infect Dis,Metagenomic Next-Generation Sequencing for Diagnosis of Infectious Diseases in Pediatric Transplant Patients.,,N,,,INCLUDE?,,
42464281,2026 Jul 16,BMC Pulm Med,Sequential Talaromyces marneffei and Legionella pneumophila infections leading to the diagnosis of anti-interferon-γ autoantibody-associated immunodeficiency: a case report.,,N,,,EXCLUDE-case report,,
42435639,2026 Jul-Sep,Curr Res Transl Med,Non-culture based diagnostic tests for detection of bacterial infections in hematology patients with febrile neutropenia: A review by the European Conference on Infections in Leukemia (ECIL-10).,,N,,,EXCLUDE-review/guideline,,
42381185,2026 Jul-Aug,Transpl Infect Dis,Toxoplasmosis Beyond Transplantation: Diagnostic and Prevention Challenges in a Patient Receiving Targeted Immunomodulators.,,Y,PMC13450287,,EXCLUDE-scope,,
42367641,2026 Sep,Blood Sci,Application value and challenges associated with plasma cell-free DNA metagenomic sequencing technology in the diagnosis of infections in patients with hematological disorders.,,N,,,INCLUDE?,,
42359352,2026,Front Mol Biosci,Metagenomics next-generation sequencing of plasma combined with blood cells for improving the prognosis of early infection in patients with hematologic disorders: a real-world cohort study in northern China.,,Y,PMC13290573,,MAYBE,,
42316249,2026 Jun 18,Respir Res,Microbial DNA analysis of paired blood-bronchoalveolar lavage fluid in post-HSCT patients with pneumonia implying application conditions of blood as a surrogate in pathogen detection.,,Y,PMC13531842,,EXCLUDE-scope,,
42291302,2026,Front Cell Infect Microbiol,The complexity of invasive fungal diseases in the intensive care unit: evaluation of metagenomic next-generation sequencing.,,Y,PMC13261631,,EXCLUDE-scope,,
42186601,2026 Jan-Dec,Ther Adv Infect Dis,Late-onset cytomegalovirus pneumonia after autologous stem cell transplantation for angioimmunoblastic T-cell lymphoma: a case report.,,Y,PMC13198634,,EXCLUDE-case report,,
42180259,2026,Front Cell Infect Microbiol,Special pathogen infections presenting with neck mass as the initial manifestation.,,Y,PMC13194607,,EXCLUDE-scope,,
42164149,2026,Front Med (Lausanne),Case Report: Beyond conventional diagnostics: mNGS support in a complex immunocompromised patient diagnosis.,,Y,PMC13183559,,EXCLUDE-case report,,
42131265,2026 Feb,Nagoya J Med Sci,The clinical utility of metagenomic next-generation sequencing in the management of fever in patients with hematological disorders.,,Y,PMC13167236,,INCLUDE?,,
42058175,2026,Front Cell Infect Microbiol,The clinical value of metagenomic next generation sequencing in the diagnosis of non-neutropenic invasive pulmonary aspergillosis.,,Y,PMC13121371,,INCLUDE?,,
42010993,2026 Apr,Immun Inflamm Dis,Fatal Non-Hepatic Hyperammonemia Post-Glofitamab: Ureaplasma and Genetic Susceptibility: A Case Report.,,Y,PMC13096685,,EXCLUDE-case report,,
41982959,2026 Mar 23,Transl Pediatr,Pulmonary infection caused by Tropheryma whipplei in a child before hematopoietic stem cell transplantation: a case report.,,Y,PMC13071702,,EXCLUDE-case report,,
41971738,2026,Front Fungal Biol,Metagenomic next-generation sequencing unveils invasive aspergillosis masquerading as miliary tuberculosis in a neutropenic leukemia patient: a case report.,,Y,PMC13067360,,EXCLUDE-case report,,
41921901,2026 Jun,Int J Infect Dis,Disseminated Strongyloides stercoralis infection diagnosed by metagenomic next-generation sequencing of a cell-free DNA blood sample in a patient with hematologic malignancy in Germany: A case report.,,N,,,EXCLUDE-case report,,
41909845,2026,Front Cell Infect Microbiol,Diagnostic value of metagenomic next-generation sequencing in patients with febrile lung cancer with negative conventional microbiological tests and without neutropenia.,,Y,PMC13021785,,INCLUDE?,,
41868021,2026,Infect Drug Resist,Clinical Utility of Metagenomic Next-Generation Sequencing in Diagnosing Central Nervous System Infections in Hematopoietic Stem Cell Transplant Recipients: A Retrospective and Prospective Cohort Study.,,Y,PMC13005251,,INCLUDE?,,
41767535,2026,Front Med (Lausanne),Case Report: Rare pulmonary infection and cytomegalovirus retinitis revealed a case of lymphoma.,,Y,PMC12945748,,EXCLUDE-case report,,
41742048,2026 Feb 25,BMC Cardiovasc Disord,Bartonella quintana endocarditis presenting with severe coombs-positive anemia: a case report.,,Y,PMC13040828,,EXCLUDE-case report,,
41723970,2026 Jun,Diagn Microbiol Infect Dis,"Rapid diagnosis of a mixed pulmonary infection with Rhizopus microsporus, Aspergillus fumigatus, Pneumocystis jirovecii, and Cytomegalovirus in a Lymphoma patient using metagenomic next-generation sequencing: A case report.",,N,,,EXCLUDE-case report,,
41673851,2026 Feb 11,BMC Oral Health,Early diagnosis of extranodal NK/T lymphoma presenting with oral ulcer and lip swelling by metagenomics next-generation sequencing: a case report.,,Y,PMC12998131,,EXCLUDE-case report,,
41660499,2025 Dec,CHEST Pulm,Rapid Metagenomic Sequencing of Bronchoalveolar Lavage Fluid for Diagnosis of Infection in Patients With Hematologic Malignancies and Pulmonary Complications.,,Y,PMC12875665,,INCLUDE?,,
41645073,2026 Feb 5,BMC Infect Dis,Respiratory and blood samples metagenomic sequencing in diagnosing pulmonary infections in hematologic patients.,,Y,PMC12964966,,INCLUDE?,,
41551013,2025 Dec,Chin Med J Pulm Crit Care Med,Enrichment of the commensal microbiome in the lower respiratory tract is associated with improved outcomes following lung transplantation.,,Y,PMC12805393,,EXCLUDE-scope,,
41547817,2026 Jan 17,Eur J Med Res,Targeted next-generation sequencing has comparable clinical value to metagenomic NGS for pulmonary infections in hematological malignancy patients: a real-world propensity score-matched study.,,N,,,INCLUDE?,,
41539958,2026 Feb 2,Zhonghua Er Ke Za Zhi,[Clinical characteristics of Pneumocystis jirovecii pneumonia in non-human immunodeficiency virus infected children].,,N,,,EXCLUDE-review/guideline,,
41534561,2026 Mar,Int J Infect Dis,Whole blood metagenomic next-generation sequencing in the diagnosis of bloodstream infection in patients with hematologic diseases.,,N,,,INCLUDE?,,
41407459,2025 Nov 14,Zhonghua Xue Ye Xue Za Zhi,[Diagnostic value of intestinal tissue metagenomic next-generation sequencing in severe diarrhea following haploidentical hematopoietic stem cell transplantation].,,Y,PMC12708954,,EXCLUDE-review/guideline,,
41394104,2025,Front Cell Infect Microbiol,"Diagnosis, treatment, and monitoring of cytomegalovirus pneumonia in a hematopoietic stem cell transplantation child.",,Y,PMC12698586,,EXCLUDE-scope,,
41387797,2025 Dec 12,BMC Infect Dis,"HIV infection complicated with talaromyces marneffei, tuberculosis, hemophagocytic lymphohistiocytosis and non-Hodgkin lymphoma: a complex case report.",,Y,PMC12699838,,EXCLUDE-case report,,
41367710,2026 Jan,Exp Ther Med,Diagnosis and treatment of invasive fungal disease in children with hematological malignancies after chemotherapy: Challenges and strategies (Review).,,Y,PMC12683645,,EXCLUDE-review/guideline,,
41327021,2025 Dec 1,BMC Infect Dis,Application of metagenomic next-generation sequencing technology in hematologic malignancy patients with sepsis following antibiotic use.,,Y,PMC12667041,,MAYBE,,
41257101,2025 Oct,Cureus,Metagenomic Next-Generation Sequencing Diagnosis of Streptococcus agalactiae Meningitis in a Diabetic Patient.,,Y,PMC12620083,,EXCLUDE-scope,,
41189926,2025 Dec,IJID Reg,Metagenomics next-generation sequencing for diagnosis of invasive fungal diseases in patients with hematological diseases.,,Y,PMC12581695,,INCLUDE?,,
41035666,2025,Front Oncol,Severe Legionella pneumonia mimicking immune-related pneumonitis after chemoimmunotherapy for lung cancer: a case report.,,Y,PMC12479252,,EXCLUDE-case report,,
41030479,2025,Front Cardiovasc Med,"""Mushroom in the heart"": a Volvariella volvacea infective endocarditis case report.",,Y,PMC12477206,,EXCLUDE-case report,,
41010648,2025 Sep 12,J Clin Med,Next-Generation Sequencing for Infectious Disease Diagnostics in Pediatric Patients with Malignancies or After Hematopoietic Cell Transplantation: A Systematic Review.,,Y,PMC12470785,,EXCLUDE-review/guideline,,
41004493,2025 Sep,PLoS Negl Trop Dis,Hematological diseases-related mucormycosis: A retrospective single center study.,,Y,PMC12468762,,EXCLUDE-scope,,
40988166,2025 Sep 19,Medicine (Baltimore),Lymphoma combined with Tropheryma whipplei infection: A case report and literature review.,,Y,PMC12459589,,EXCLUDE-case report,,
40977416,2025 Oct,J Clin Lab Anal,COVID-19 Infection Confirmed by Bronchoalveolar Lavage Fluid Metagenomics -Next-Generation Sequencing Instead of Pharyngeal Swabs in Follicular Lymphoma: Three-Case Report and Literature Review.,,Y,PMC12572721,,EXCLUDE-case report,,
40932534,2025 Oct,Folia Microbiol (Praha),Microbiological diagnostics and their impact on hematology nursing.,,N,,,EXCLUDE-scope,,
40901069,2025 Sep,Blood Sci,China Expert consensus on the application of metagenomic next-generation sequencing for the etiological diagnosis of infections in hematological disorders (2024).,,Y,PMC12401339,,EXCLUDE-review/guideline,,
40768422,2025 Dec,Virulence,Blood virome profiling reveals subtype-specific viral signatures and reduced diversity in non-Hodgkin lymphoma.,,Y,PMC12363502,,EXCLUDE-scope,,
40654574,2025,Front Cell Infect Microbiol,Risk factors for identifying pulmonary aspergillosis in pediatric patients.,,Y,PMC12245894,,EXCLUDE-scope,,
40647714,2025 Jul 5,Diagnostics (Basel),Clinical Utility of Plasma Microbial Cell-Free DNA Surveillance in Neutropenic Patients with Acute Myeloid Leukemia Undergoing Outpatient Chemotherapy: A Case Series.,,Y,PMC12248636,,EXCLUDE-scope,,
40630748,2025,Infect Drug Resist,Invasive Mucormycosis in a Chronic Lymphocytic Leukemia Patient on Zanubrutinib: A Case Report.,,Y,PMC12236363,,EXCLUDE-case report,,
40506318,2025 Dec,J Microbiol Immunol Infect,"Performance of Galactomannan, Aspergillus-PCR, and Metagenomic sequencing for the diagnosis of invasive pulmonary aspergillosis in hematological patients.",,N,,,INCLUDE?,,
40505965,2025 Aug,J Infect Chemother,Diagnosis of Tropheryma whipplei pneumonia in an immunocompromised lymphoma patient using metagenomic next generation sequencing: A case report.,,N,,,EXCLUDE-case report,,
40488474,2025 Jul,Microbiol Spectr,Diagnosis of invasive pulmonary aspergillosis using metagenomic next-generation sequencing and conventional microbial tests post-COVID-19 pandemic.,,Y,PMC12210878,,EXCLUDE-scope,,
40453877,2025 Jun,Open Forum Infect Dis,"Metagenomic Next-generation Sequencing Compared With Blood Culture as First-line Diagnostic Method for Bloodstream Infection in Hematologic Patients With Febrile Neutropenia: A Multicenter, Prospective Study.",,Y,PMC12125677,,INCLUDE?,,
40422860,2025 Jul,Microbiol Spectr,Clinical value of metagenomic next-generation sequencing in screening oropharyngeal colonization in patients undergoing allogeneic hematopoietic stem cell transplantation: a prospective observational study.,,Y,PMC12210989,,INCLUDE?,,
40415957,2025,Front Cell Infect Microbiol,A comprehensive evaluation of plasma metagenomics sequencing for the diagnosis of suspected infection in pediatric patients with hematologic diseases.,,Y,PMC12098475,,INCLUDE?,,
40271228,2025,Infect Drug Resist,Rare Bloodstream Infection of Rhodococcus rhodochrous as the Prodromal Signal for Malignancy.,,Y,PMC12015732,,EXCLUDE-scope,,
40176261,2025 Dec 24,Clin Infect Dis,Plasma Microbial Cell-free DNA Metagenomic Sequencing for Diagnosis of Invasive Fungal Diseases Among High-risk Outpatient and Inpatient Immunocompromised Hosts.,,N,PMC12728277,,EXCLUDE-scope,,
40131352,2025 Mar 27,Acta Microbiol Immunol Hung,Invasive pulmonary and central nervous system aspergillosis: A case report and literature review.,,N,,,EXCLUDE-case report,,
40018346,2025,Front Med (Lausanne),SARS-CoV-2 detection via metagenomic next-generation sequencing of bronchoalveolar lavage fluid/sputum in lymphoma patients receiving B-cell-depleting therapy: a case report of two cases.,,Y,PMC11866120,,EXCLUDE-case report,,
39843376,2025 Jan 22,BMJ Open,Diagnostic performance of the DISQVER metagenomic sequencing tool for the identification of pathogens in febrile neutropenic patients: the ADNEMIA trial.,,Y,PMC11784336,,INCLUDE?,,
39830034,2025,Infect Drug Resist,Sequential Therapy of Linezolid and Contezolid to Treat Hematogenous Lung Abscess Caused by Staphylococcus aureus in a Congenital Cerebral Hypoplasia Patient: A Case Report.,,Y,PMC11740585,,EXCLUDE-case report,,
39746689,2024 Nov 14,Zhonghua Xue Ye Xue Za Zhi,[Improving the application of metagenomic next-generation sequencing for pathogen diagnosis in infections related to hematological diseases].,,Y,PMC11886672,,EXCLUDE-review/guideline,,
39743281,2024 Dec,Zhongguo Shi Yan Xue Ye Xue Za Zhi,[Clinical Characteristics of Pneumocystis Jiroveci Pneumonia after Allogeneic Hematopoietic Stem Cell Transplantation].,,N,,,EXCLUDE-review/guideline,,
39720617,2024,Infect Drug Resist,Application of Metagenomics Next-Generation Sequencing on Diagnosis of Disseminated Infection Caused by Rhizomucor pusillus in an Acute Lymphoblastic Leukemia Patient.,,Y,PMC11668312,,INCLUDE?,,
39687173,2024 Dec 15,Heliyon,A case report of successful treatment of pulmonary mucormycosis caused by Cunninghamella bertholletiae infection in a patient with T-lymphoblastic lymphoma.,,Y,PMC11648108,,EXCLUDE-case report,,
39396970,2024 Oct 13,BMC Infect Dis,Outcome of Pneumocystis Jirovecii pneumonia (PcP) in post-CAR-T patients with hematological malignancies.,,Y,PMC11472446,,EXCLUDE-scope,,
39372409,2024,Front Immunol,Dynamic findings of brain magnetic resonance imaging in a haploidentical hematopoietic stem cell transplantation recipient with cytomegalovirus ventriculoencephalitis: a case report and systematic review.,,Y,PMC11449730,,EXCLUDE-case report,,
39328586,2024,Front Pediatr,Very severe aplastic anemia in a child with pulmonary mucormycosis: a case report.,,Y,PMC11424411,,EXCLUDE-case report,,
39197493,2024 Nov,Transplant Cell Ther,Metagenomic Next-Generation Sequencing in the Diagnosis of Pulmonary Infections after Allogeneic Hematopoietic Stem Cell Transplantation.,,N,,,INCLUDE?,,
39180607,2024 Dec,Immunol Res,Good syndrome combined with multiple microbial pulmonary infections: case report and review of the literature.,,N,,,EXCLUDE-case report,,
39135636,2024,Front Cell Infect Microbiol,The value of metagenomic next-generation sequencing with different nucleic acid extracting methods of cell-free DNA or whole-cell DNA in the diagnosis of non-neutropenic pulmonary aspergillosis.,,Y,PMC11317373,,INCLUDE?,,
39088077,2024 Aug 1,Mycopathologia,"Clinical Characteristics, Prognosis Factors and Metagenomic Next-Generation Sequencing Diagnosis of Mucormycosis in patients With Hematologic Diseases.",,N,,,INCLUDE?,,
39068468,2024 Jul 27,Infect Agent Cancer,Two cases demonstrate an association between Tropheryma whipplei and pulmonary marginal zone lymphoma.,,Y,PMC11282790,,EXCLUDE-scope,,
39044261,2024 Jul 23,Microbiome,The plasma viral communities associate with clinical profiles in a large-scale haematological patients cohort.,,Y,PMC11265361,,EXCLUDE-scope,,
39040893,2024,Front Med (Lausanne),Invasive Fusarium solani infection diagnosed by traditional microbial detection methods and metagenomic next-generation sequencing in a pediatric patient: a case report and literature review.,,Y,PMC11260673,,EXCLUDE-case report,,
39008608,2025 Feb 20,J Infect Dis,Clinical Impact of Plasma Metagenomic Next-Generation Sequencing on Infection Diagnosis and Antimicrobial Therapy in Immunocompromised Patients.,,N,,,EXCLUDE-scope,,
38975197,2024 Jun 30,Heliyon,The impact of neutrophil count on the results of metagenomic next-generation sequencing in immunocompromised febrile children.,,Y,PMC11226820,,EXCLUDE-scope,,
38926954,2024 Jun,Zhongguo Shi Yan Xue Ye Xue Za Zhi,[Clinical Characteristics and Prognosis of Patients with Acute Leukemia Complicated with Mucormycosis after Chemotherapy].,,N,,,EXCLUDE-review/guideline,,
38912204,2024,Front Cell Infect Microbiol,Metagenomic next-generation sequencing could play a pivotal role in validating the diagnosis of invasive mold disease of the central nervous system.,,Y,PMC11190073,,EXCLUDE-scope,,
38863639,2024,Front Oncol,Case report: Difficult diagnosis of Mycobacterium tuberculosis infection in patients after allogeneic hematopoietic stem cell transplantation: two case reports and a literature review.,,Y,PMC11165128,,EXCLUDE-case report,,
38777941,2024 Aug,Infection,Metagenomic next-generation sequencing as a diagnostic tool in the clinical routine of an infectious diseases department: a retrospective cohort study.,,Y,PMC11289219,,EXCLUDE-scope,,
38725449,2024,Front Cell Infect Microbiol,Application value of metagenomic next-generation sequencing in hematological patients with high-risk febrile neutropenia.,,Y,PMC11079123,,INCLUDE?,,
38698785,2024,Front Med (Lausanne),Pulmonary infection with Aeromonas dhakensis in a patient with acute T lymphoblastic leukemia: a case report and review of the literature.,,Y,PMC11064645,,EXCLUDE-case report,,
38681899,2024,Infect Drug Resist,Lessons from Multiple Infections Such as Lymphoma Complicated with Pneumocystis Infection: A Case Report.,,Y,PMC11048278,,EXCLUDE-case report,,
38678508,2024 Apr 28,Arch Microbiol,Current status and new experimental diagnostic methods of invasive fungal infections after hematopoietic stem cell transplantation.,,N,,,EXCLUDE-scope,,
38590441,2024,Front Cell Infect Microbiol,Clinical performance of metagenomic next-generation sequencing for diagnosis of invasive fungal disease after hematopoietic cell transplant.,,Y,PMC11000502,,INCLUDE?,,
38567023,2024,Front Cell Infect Microbiol,Combination of metagenomic next-generation sequencing and conventional tests unraveled pathogen profiles in infected patients undergoing allogeneic hematopoietic stem cell transplantation in Jilin Province of China.,,Y,PMC10985322,,MAYBE,,
38527840,2024 Jan 14,Zhonghua Xue Ye Xue Za Zhi,[Metagenomic next-generation sequencing for the diagnosis of Pneumocystis jirovecii pneumonia after allogeneic hematopoietic stem cell transplantation].,,Y,PMC10951114,,EXCLUDE-review/guideline,,
38487325,2024,Front Neurol,Case report: Acute HHV6B encephalitis/myelitis post CAR-T cell therapy in patients with relapsed/refractory aggressive B-cell lymphoma.,,N,,,EXCLUDE-case report,,
38460819,2024 Sep,Clin Microbiol Infect,Diagnostic limitations and challenges in current clinical guidelines and potential application of metagenomic sequencing to manage pulmonary invasive fungal infections in patients with haematological malignancies.,,N,,,EXCLUDE-review/guideline,,
38438967,2024 Mar 4,BMC Infect Dis,Application of metagenomic next-generation sequencing in the clinical diagnosis of infectious diseases after allo-HSCT: a single-center analysis.,,Y,PMC10910774,,INCLUDE?,,
38390939,2024 Jan 22,Hematol Rep,The Gut Microbiome Correlated to Chemotherapy Efficacy in Diffuse Large B-Cell Lymphoma Patients.,,Y,PMC10885071,,EXCLUDE-scope,,
38371300,2024,Front Cell Infect Microbiol,Application of plasma metagenomic next-generation sequencing improves prognosis in hematology patients with neutropenia or hematopoietic stem cell transplantation for infection.,,Y,PMC10869557,,MAYBE,,
38330588,2024 Oct,Altern Ther Health Med,Aggressive NK-cell Leukemia: A Case Report and Literature Review.,,N,,,EXCLUDE-case report,,
38326763,2024 Feb 7,BMC Infect Dis,Clinical and diagnostic values of metagenomic next-generation sequencing for infection in hematology patients: a systematic review and meta-analysis.,,Y,PMC10848439,,EXCLUDE-review/guideline,,
38076254,2023,Front Med (Lausanne),Case report: Fatal Legionella infection diagnosed via by metagenomic next-generation sequencing in a patient with chronic myeloid leukemia.,,Y,PMC10702605,,EXCLUDE-case report,,
38065767,2024 Feb,J Microbiol Immunol Infect,Diagnostic performance and clinical impacts of metagenomic sequencing after allogeneic hematopoietic stem cell transplantation.,,N,,,INCLUDE?,,
38057898,2023 Dec 6,Infect Agent Cancer,Pneumocystis jirovecii with high probability detected in bronchoalveolar lavage fluid of chemotherapy-related interstitial pneumonia in patients with lymphoma using metagenomic next-generation sequencing technology.,,Y,PMC10698987,,MAYBE,,
38029249,2023,Front Cell Infect Microbiol,Performance of mNGS in bronchoalveolar lavage fluid for the diagnosis of invasive pulmonary aspergillosis in non-neutropenic patients.,,Y,PMC10644336,,INCLUDE?,,
37985857,2023 Nov 20,Sci Rep,Blood plasma metagenomic next-generation sequencing for identifying pathogens of febrile neutropenia in acute leukemia patients.,,Y,PMC10662164,,MAYBE,,
37857845,2024 Feb,Pediatr Res,Metagenomic next-generation sequencing in detecting pathogens in pediatric oncology patients with suspected bloodstream infections.,,Y,PMC10899103,,EXCLUDE-scope,,
37841727,2023,Front Public Health,Case report: A toxoplasmic encephalitis in an immunocompromised child detected through metagenomic next-generation sequencing.,,Y,PMC10569600,,EXCLUDE-case report,,
37780852,2023,Front Cell Infect Microbiol,Diagnostic efficiency of metagenomic next-generation sequencing for suspected infection in allogeneic hematopoietic stem cell transplantation recipients.,,Y,PMC10533937,,INCLUDE?,,
37746273,2023,Front Oncol,Invasive splenic mucormycosis due to Rhizopus microsporus during chemotherapy for acute monocytic leukemia: a case report and literature review.,,Y,PMC10514904,,EXCLUDE-case report,,
37724414,2023 Jul 28,Zhong Nan Da Xue Xue Bao Yi Xue Ban,Leukemia followed by mixed infection with mucormycosis and aspergillosis: A case report and literature review.,,N,PMC10930039,,EXCLUDE-case report,,
37541984,2023 Aug,Infect Dis Ther,Metagenomic Next-Generation Sequencing for Pathogens in Bronchoalveolar Lavage Fluid Improves the Survival of Patients with Pulmonary Complications After Allogeneic Hematopoietic Stem Cell Transplantation.,,Y,PMC10505113,,MAYBE,,
37448884,2023,Respir Med Case Rep,Epstein-Barr virus (EBV) induced pneumonitis in a patient with breast cancer receiving neoadjuvant chemotherapy: A case report.,,Y,PMC10336251,,EXCLUDE-case report,,
37426639,2023,Front Immunol,A case report and literature review of immune checkpoint inhibitor-associated pneumonia caused by penpulimab.,,Y,PMC10323425,,EXCLUDE-case report,,
37274475,2023 Jul,Oncol Lett,T‑lymphoblastic lymphoma in a child diagnosed by metagenomic sequencing: A case report.,,Y,PMC10236270,,EXCLUDE-case report,,
37271194,2024 Jan,Clin Microbiol Infect,Clinical metagenomic sequencing of plasma microbial cell-free DNA for febrile neutropenia in patients with acute leukaemia.,,N,,,MAYBE,,
37254739,2023 Dec,Emerg Microbes Infect,"The first suspected disseminated Hormographiella aspergillata infection in China, diagnosed using metagenomic next-generation sequencing: a case report and literature review.",,Y,PMC10259343,,EXCLUDE-case report,,
37170644,2023 May,J Int Med Res,Disseminated visceral Kaposi's sarcoma after allogeneic hematopoietic stem cell transplantation: a case report.,,Y,PMC10184207,,EXCLUDE-case report,,
37001227,2023 Jun,Diagn Microbiol Infect Dis,Rapid detection of pulmonary nocardiosis by metagenomic next generation sequencing.,,N,,,EXCLUDE-scope,,
36948865,2023 Feb 14,Zhonghua Xue Ye Xue Za Zhi,[Clinical characteristics and CT findings of Pneumocystis Jirovecii pneumonia in 46 cases with hematological diseases].,,Y,PMC10033268,,EXCLUDE-review/guideline,,
36908212,2023 Apr,Transpl Infect Dis,Adenovirus infection diagnosed by metagenomic next-generation sequencing after haploidentical hematopoietic stem cell transplantation: A multicenter study in China.,,N,,,INCLUDE?,,
36824686,2023,Front Cell Infect Microbiol,Mucor indicus caused disseminated infection diagnosed by metagenomic next-generation sequencing in an acute myeloid leukemia patient: A case report.,,Y,PMC9941182,,EXCLUDE-case report,,
36809121,2023 Mar 23,J Clin Microbiol,Metagenomic Next-Generation Sequencing of Plasma for Diagnosis of COVID-19-Associated Pulmonary Aspergillosis.,,Y,PMC10035327,,EXCLUDE-scope,,
36724855,2023 May,Transplant Cell Ther,Evaluation of the Diagnostic Performance of Plasma Metagenomic Next-Generation Sequencing in Febrile Events in the First 30 Days after Chimeric Antigen Receptor T Cell Infusion.,,N,,,EXCLUDE-scope,,
36703900,2022,Front Med (Lausanne),Case report: Streptococcus pneumoniae pneumonia characterized by diffuse centrilobular nodules in both lungs.,,Y,PMC9871572,,EXCLUDE-case report,,
36531828,2022,Case Rep Infect Dis,Metagenomic Next-Generation Sequencing (mNGS) for the Timely Diagnosis of Carbapenem-Resistant Klebsiella pneumoniae in Leukemia Patients.,,Y,PMC9754844,,INCLUDE?,,
36478673,2022,Front Cell Infect Microbiol,Metagenomic next-generation sequencing clinches the diagnosis of Legionella pneumonia in a patient with acute myeloid leukemia: A case report and literature review.,,Y,PMC9720252,,EXCLUDE-case report,,
36452947,2022,Front Public Health,Nontuberculous mycobacteria by metagenomic next-generation sequencing: Three cases reports and literature review.,,Y,PMC9702513,,EXCLUDE-review/guideline,,
36345851,2022 Dec 1,Curr Opin Infect Dis,Novel approaches to the prediction and diagnosis of pulmonary complications in the paediatric haematopoietic stem cell transplant patient.,,N,,,EXCLUDE-scope,,
36211959,2022,Front Cell Infect Microbiol,Comparing the application of mNGS after combined pneumonia in hematologic patients receiving hematopoietic stem cell transplantation and chemotherapy: A retrospective analysis.,,Y,PMC9532739,,MAYBE,,
36189372,2022,Front Cell Infect Microbiol,Nasal and cutaneous mucormycosis in two patients with lymphoma after chemotherapy and target therapy: Early detection by metagenomic next-generation sequencing.,,Y,PMC9524479,,MAYBE,,
36046038,2022,Front Oncol,Case report: A rare case of pulmonary mucormycosis caused by Lichtheimia ramosa in pediatric acute lymphoblastic leukemia and review of Lichtheimia infections in leukemia.,,Y,PMC9421258,,EXCLUDE-case report,,
36042605,2022 Aug 26,Medicine (Baltimore),Massive pericardial effusion due to chronic active Epstein-Barr virus infection successfully treated with PD-1 blockade: A case report.,,Y,PMC9410663,,EXCLUDE-case report,,
36034963,2022,Evid Based Complement Alternat Med,Application Value of Metagenomics Next-Generation Sequencing (mNGS) in Detection of Mucormycosis after Chemotherapy in Childhood Acute Leukemia.,,Y,PMC9417758,,INCLUDE?,,
35979088,2022,Front Cell Infect Microbiol,Metagenomic next-generation sequencing for the diagnosis of pulmonary aspergillosis in non-neutropenic patients: a retrospective study.,,Y,PMC9376315,,INCLUDE?,,
35965849,2022,Infect Drug Resist,Rhizomucor pusillus Infection in a Patient with Acute Myeloid Leukaemia After Haematopoietic Stem Cell Transplantation: Clinical Impact of Metagenomics Next-Generation Sequencing.,,Y,PMC9364985,,MAYBE,,
35922218,2022 Aug 1,Zhonghua Nei Ke Za Zhi,[Application value of metagenomic next-generation sequencing for infectious pathogens in patients receiving allogeneic hematopoietic stem cell transplantation].,,N,,,EXCLUDE-review/guideline,,
35845522,2022 Jun,Ann Transl Med,A case report of the metagenomics next-generation sequencing for early detection of central nervous system mucormycosis with successful rescue in patient with recurrent chronic lymphocytic leukemia.,,Y,PMC9279813,,EXCLUDE-case report,,
35837537,2022,Infect Drug Resist,The Value of Metagenomic Next-Generation Sequencing in Hematological Malignancy Patients with Febrile Neutropenia After Empiric Antibiotic Treatment Failure.,,Y,PMC9273631,,INCLUDE?,,
35837477,2022,Front Cell Infect Microbiol,Metagenomic Next-Generation Sequencing Successfully Detects Pulmonary Infectious Pathogens in Children With Hematologic Malignancy.,,Y,PMC9273861,,MAYBE,,
35755839,2022,Front Cell Infect Microbiol,Simultaneous Detection of Pathogens and Tumors in Patients With Suspected Infections by Next-Generation Sequencing.,,Y,PMC9218804,,EXCLUDE-scope,,
35673925,2022 May 20,Nan Fang Yi Ke Da Xue Xue Bao,[Clinical features of children with Cunninghamella spp. infection: a case report and literature review].,,N,PMC9178633,,EXCLUDE-case report,,
35530048,2022,Front Med (Lausanne),Case Report: Unusual Varicella-Zoster Virus Meningoencephalitis With Meningomyelitis Mimicking Central Nervous System Leukemia.,,Y,PMC9067377,,EXCLUDE-case report,,
35509305,2022,Front Microbiol,Metagenomic Next-Generation Sequencing vs. Traditional Pathogen Detection in the Diagnosis of Infection After Allogeneic Hematopoietic Stem Cell Transplantation in Children.,,Y,PMC9058167,,INCLUDE?,,
35479945,2022,Front Med (Lausanne),Case Report: A Case of Acute T Lymphoblastic Leukemia With Mixed Infection of Lethal Invasive Mucormycosis and Multi-Drug Resistant Bacteria.,,Y,PMC9037592,,EXCLUDE-case report,,
35402461,2022,Front Med (Lausanne),Invasive Pulmonary Aspergillosis Diagnosis via Peripheral Blood Metagenomic Next-Generation Sequencing.,,Y,PMC8987774,,EXCLUDE-scope,,
35308503,2022,Front Med (Lausanne),Characteristics and Prognostic Factors of Non-HIV Immunocompromised Patients With Pneumocystis Pneumonia Diagnosed by Metagenomics Next-Generation Sequencing.,,Y,PMC8928194,,EXCLUDE-scope,,
35280783,2022,Front Oncol,Case Report: Metagenomic Next-Generation Sequencing Can Contribute to the Diagnosis and Treatment of Disseminated Visceral Kaposi Sarcoma Following Allogeneic Haematopoietic Stem Cell Transplantation.,,Y,PMC8907446,,EXCLUDE-case report,,
34977080,2021,Front Med (Lausanne),Case Report: Metagenomics Next-Generation Sequencing for Diagnosing Cerebral Infarction and Infection Caused by Hematogenous Disseminated Mucormycosis in a Patient With Acute Lymphoblastic Leukemia.,,Y,PMC8718678,,EXCLUDE-case report,,
34951466,2021 Dec 24,J Pediatric Infect Dis Soc,Metagenomic Next-Generation Sequencing for Infectious Disease Diagnosis: A Review of the Literature With a Focus on Pediatrics.,,N,,,EXCLUDE-review/guideline,,
34835435,2021 Nov 6,Microorganisms,Clinical Application of Metagenomic Next-Generation Sequencing in Patients with Hematologic Malignancies Suffering from Sepsis.,,Y,PMC8624204,,MAYBE,,
34781140,2022 Jan,Biomed Pharmacother,Lessons from Epstein-Barr virus DNA detection in cerebrospinal fluid as a diagnostic tool for EBV-induced central nervous system dysfunction among HIV-positive patients.,,N,,,EXCLUDE-scope,,
34595132,2021,Front Cell Infect Microbiol,Metagenomic Next Generation Sequencing in the Detection of Pathogens in Cerebrospinal Fluid of Patients After Alternative Donor Transplantation: A Feasibility Analysis.,,Y,PMC8476959,,MAYBE,,
34160438,2021 Jun 25,Medicine (Baltimore),Complicated pulmonary human coronavirus-NL63 infection after a second allogeneic hematopoietic stem cell transplantation for acute B-lymphocytic leukemia: A case report.,,Y,PMC8238287,,EXCLUDE-case report,,
33824437,2021 Aug,Bone Marrow Transplant,Metagenomic next-generation sequencing for identifying pathogens in central nervous system complications after allogeneic hematopoietic stem cell transplantation.,,Y,PMC8023769,,MAYBE,,
33639095,2021 Mar-Apr,Braz J Infect Dis,Metagenomic next-generation sequencing (mNGS) for diagnostically challenging infectious diseases in patients with acute leukemia.,,Y,PMC9392121,,INCLUDE?,,
33549143,2021 Feb 6,Infect Agent Cancer,No evidence for a pathogen associated with pulmonary MALT lymphoma: a metagenomics investigation.,,Y,PMC7868019,,MAYBE,,
33115429,2020 Oct 28,BMC Infect Dis,Unusual disseminated Talaromyces marneffei infection mimicking lymphoma in a non-immunosuppressed patient in East China: a case report and review of the literature.,,Y,PMC7594432,,EXCLUDE-case report,,
32682948,2020 Nov,Biol Blood Marrow Transplant,Anaerobic Antibiotics and the Risk of Graft-versus-Host Disease after Allogeneic Hematopoietic Stem Cell Transplantation.,,N,PMC7609492,,EXCLUDE-scope,,
31775480,2019 Oct 14,Zhonghua Xue Ye Xue Za Zhi,[Application of bronchoalveolar lavage fluid in patients with pulmonary complications after allogeneic hematopoietic stem cell transplantation].,,Y,PMC7364988,,EXCLUDE-review/guideline,,
31378873,2019 Jun,Semin Neurol,Central Nervous System Opportunistic Infections.,,N,,,EXCLUDE-scope,,
26895706,2016 Apr,Transpl Infect Dis,High-throughput sequencing of cerebrospinal fluid for diagnosis of chronic Propionibacterium acnes meningitis in an allogeneic stem cell transplant recipient.,,N,,,EXCLUDE-scope,,
