pmid,citation,design,n,specimen,comparator,TP,FP,FN,TN,derivation,yield_tests,yield_pos,yield_pct,blinded
33824437,Liu et al. Prospective comparison of metagenomic next-generation seque,Prospective cohort (diagnostic-accuracy ,53,CSF,"conventional testing vs final clinical diagnosis; mNGS sensitivity 97.1% (34/35), specificity 94.4% (17/18)",34,1,1,17,native,53,35,66.0,unclear
34595132,"Retrospective study, Affiliated Cancer Hospital of Zhengzhou Universit",Retrospective cohort (diagnostic feasibi,20,CSF,yield-only,,,,,native,29,15,,unclear
34835435,"Lin W-D, et al. 'Metagenomic Next-Generation Sequencing in the identif",Prospective observational cohort (mNGS v,24,plasma (blood cfDNA),yield-only,,,,,native,24,21,,unclear
35509305,Retrospective evaluation of mNGS vs traditional pathogen detection in ,Retrospective cohort (diagnostic-accurac,101,BALF,"conventional pathogen detection vs final diagnosis (sensitivity mNGS 89.7% vs 21.8%; specificity 78.5% vs 92.9%; PPV 96.3 vs 95.0; NPV 55.0 vs 15.0); TP/FN/TN/FP back-derived from reported percentages with denominators 87 infected and 14 non-infected (78/87=89.7%, 11/14=78.5%)",78,3,9,11,derived,101,83,,unclear
35837477,"Retrospective study, First Affiliated Hospital of Zhengzhou University",Retrospective cohort (mNGS vs convention,55,BALF,yield-only,,,,,native,55,48,87.3,unclear
35837537,"Retrospective study, Tianjin First Central Hospital: mNGS vs tradition",Retrospective cohort (mNGS vs traditiona,192,blood,"clinical diagnosis as reference (FN group, n=102; infected n=75, non-infected n=12); mNGS sensitivity 88.00%, specificity 58.33%, PPV 92.96%, NPV 56.25% (traditional: sens 29.33%, spec 100%, PPV 100%, NPV 18.46%). TP/FN/TN/FP back-derived: 66/75=88.00%, 7/12=58.33%, PPV 66/71=92.96%",66,5,9,7,derived,192,154,80.21,unclear
36211959,"Zhang Binglei, Gui Ruirui, Wang Qian, et al. Comparing the application",Retrospective comparative cohort (single,84,BALF mNGS,yield-only,,,,,native,93,88,,unclear
37541984,"Shen Zaihong, Wang Ying, Bao Aihua, et al. Metagenomic Next-Generation",Prospective single-center study (registe,101,BALF (mNGS),yield-only,,,,,derived,134,,,unclear
37780852,"Huang Jiayu, Zhao Yeqian, Jiang Chuanhe, et al. Diagnostic efficiency ",Multicenter retrospective cohort,153,peripheral blood (plasma mNGS),"conventional microbiological tests (CMT: smear, culture, G test, GM test, PCR for CMV/EBV etc.) - mNGS result vs CMT positivity, all 258 samples",90,94,23,51,native,258,,,unclear
37985857,"Qi Yan, Lin Wu-Qiang, Liao Bin, et al. Blood plasma metagenomic next-g",Retrospective single-center cohort,37,blood plasma (mNGS),yield-only,,,,,derived,37,,,unclear
38057898,"Jin Dian, Le Jing, Yang Qianqian, et al. Pneumocystis jirovecii with h",Retrospective single-center case series ,15,"BALF (mNGS, DNA and RNA)",yield-only,,,,,native,15,14,93.3,yes (mNGS company blinded to patient information)
38371300,"Chen Yuhui, Wang Jinjin, Gan Xinai, et al. Application of plasma metag",Retrospective single-center cohort,153,blood plasma (mNGS),"conventional microbiological tests (CMT) as reference standard - mNGS vs CMT (Table 2, n=153)",35,80,21,17,native,153,,,no (clinicians evaluating treatment response knew mNGS results)
38438967,"Yuan H, Ma X, Xu J, Han P, Rao G, Chen G, Zhang K, Yang R, Han C, Jian",Retrospective single-center analysis (pa,54,peripheral blood,yield-only,17,31,1,5,native,61,"46 cases of infectious diseases diagnosed (22 viral, 13 fungal, 11 bacterial)",88.9% positive detection rate of mNGS (vs 33.3% CMT),unclear
38567023,"Zou H, Gao S, Liu X, Liu Y, Xiao Y, Li A, Jiang Y. Combination of meta",Retrospective single-center study,64,blood,yield-only,,,,,native,mNGS on all 64 patients; CT on 58 patients,38 patients diagnosed as having infections,more than 75% of infections were caused by viruses (CMV and EBV most common),no (final diagnosis explicitly incorporated mNGS results)
38590441,"Zhang X, Zhang L, Li Y, Wang N, Zhang Y. Clinical performance of metag",Retrospective single-center study,189 screened/at risk for IFD; 46 IFD patients analyzed,plasma,conventional microbiological testing (CMT) among the 46 IFD patients (Table 2),15,24,2,5,native,46 IFD patients tested,mNGS positive in 39/46 (84.78%); CMT positive 17/46 (36.96%); 15 concordant positive,84.78% (mNGS) vs 36.96% (CMT),unclear
38725449,"Wang X, Zhang H, Zhang N, Zhang S, Shuai Y, Miao X, Liu Y, Qiu L, Ren ",Retrospective study (records of patients,164,peripheral blood (plasma cfDNA),yield-only,,,,,native,164,mNGS: 68 different pathogens in 111 patients (67.7%); CMT: 17 pathogen types in 36 patients,"67.7% mNGS positive rate vs CMT; diagnostic accuracy 82.3% vs conventional methods (exact comparator % and sensitivity/specificity in Supplementary Table 1, not in main text)",unclear
40415957,"Zhang S, Guo Q, Gai W, Guo Y, Zheng Y. A comprehensive evaluation of p",Retrospective observational cohort study,73,plasma (blood cfDNA),yield-only,19,31,3,20,native,73,"mNGS positive 69.86% (51/73) vs CMT 31.51% (23/73) vs blood culture 12.33% (9/73); 46 pathogens detected in infected patients, 34 only by mNGS, 5 only by CMT; 41 pathogens by mNGS vs 12 by CMT",69.86% (mNGS) vs 31.51% (CMT),unclear
40453877,"Ma R, Yin Y, Zhang J-P, Zhang M-X, Zhou J-R, He Y, Gai W, Zhang X-H, W","Multicenter, prospective diagnostic accu",300 FN events (265 patients; 35 with 2 events),peripheral blood (whole blood: plasma + blood cell layer mNGS),"final adjudicated diagnosis (definite BSI, n=62 vs noninfectious FN, n=55); Table 3, whole blood mNGS",59,3,3,52,native,300,"mNGS positive in 204/300 (68.0%, excluding viruses); 80/204 (39.2%) polymicrobial; BC positive 62/300 (20.7%); mNGS-BC positive agreement 79.0% (49/62), negative agreement 34.9% (83/238)",mNGS positivity 68.0% vs BC 20.7%,yes (clinical physician and mNGS analysis team double-blinded; adjudication by independent expert panel)
41189926,"Chen X, Qin H, Song Y, Lian Y, Long Q. Metagenomics next-generation se",Retrospective analysis of patients hospi,67,bronchoalveolar lavage fluid,yield-only,,,,,native,67,32,47.76,unclear
41327021,"Chen B, Shu W, Le J, Jin D. Application of metagenomic next-generation",Retrospective single-centre analysis of ,119,peripheral blood (plasma for mNGS; paired blood culture),Blood culture (bacteria and fungi) in the 47 patients with fungal and/or bacterial infection identified by either method,7,35,5,0,native,47,42,89.36,unclear
41645073,"Xu C, Zhang L, Liu T, Zhu G, Wei H, Zheng Y, et al. Respiratory and bl",Retrospective single-centre cohort (Inst,160,blood (mNGS),"Clinical composite diagnosis (CCD) for bacterial/fungal pulmonary infection; blood-mNGS (LRTS-mNGS 2x2 also given: TP 119, FP 3, FN 8, TN 21). Vs CMT: blood-mNGS 27/19/47/58; LRTS-mNGS 68/6/62/1.",44,2,83,22,native,127,119,93.7,unclear (expert panel had access to all results including mNGS - incorporation into CCD)
41660499,"Hensley MK, Sayed K, Haidar G, Wang X, Benos PV, Ito S, et al. Rapid M",Prospective proof-of-concept observation,30,bronchoalveolar lavage fluid (research aliquots; >=10 mL from same lobe as clinical BAL),yield-only,,,,,native,30,,,unclear
41868021,"Zhan M, Tu S, Yang S, Yin Y, Wang Z, Zhang F, et al. Clinical Utility ",Mixed retrospective and prospective coho,127,cerebrospinal fluid,"Reference criterion: any pathogen identified by conventional methods or Sanger sequencing (reconstructed from reported sensitivity 82.6% = 19/23, specificity 99.0% = 103/104, mNGS-positive n = 20, mNGS-negative n = 107)",19,1,4,103,derived,127,20,15.7,unclear
42131265,"Cheng J, Ni J, Zhao Y, Jiang L, Huang Y, Zhang Y, et al. The clinical ",Retrospective single-centre cohort (Nanf,204,"peripheral blood (>=3 mL, mNGS)","Composite clinical standard (sensitivity 78.4%, specificity 61.9%). Also vs CMT: mNGS+ 49 CMT+ / 90 CMT-, mNGS- 14 CMT+ / 51 CMT- (sensitivity 77.8%, specificity 36.2%); vs blood culture: 11/79/5/109 (sensitivity 68.8%, specificity 58.0%).",127,16,35,26,native,204,146,68.1,no (mNGS results jointly interpreted by the clinical committee that assigned the composite diagnosis)
42359352,"Lyu C, Zhou Q, Xiao X, Bai X, Pu Y, Zhu H, et al. Metagenomics next-ge",Retrospective single-centre real-world c,231,"whole blood 5 mL (plasma cfDNA + blood-cell fraction, mNGS)",yield-only,,,,,native,231,178,77.06,"unclear (composite final diagnosis included all microbiological tests, i.e. mNGS itself)"
42755623,"Xu Z, Wang Y, Zhang X, Guo F, Chen J, Geng H, Li Y, Gao Y. Application",Retrospective single-centre cohort (Chil,96,feces/stool (diarrheal episodes),"Conventional microbiological testing (fecal culture etc.) at specimen level (from Figure 1A: mNGS+CMT- 109, mNGS+CMT+ 29, mNGS-CMT- 40, mNGS-CMT+ 7)",29,109,7,40,native,185,138,,unclear
