case_id,source_id,pmid,year,age_years,sex,leukaemia_type,neutropenia_context,candida_species,organs_involved,diagnosis_method,antifungal_treatment,surgery,iris,invasive_procedures_during_infection,outcome,abstract_level_limitation,extraction_checked_review
C01,S03,11524268,2001,63,M,AML,post-chemotherapy neutropenia,Candida tropicalis,hepatosplenic,clinical/imaging,fluconazole,No,No,remission chemotherapy completed,resolved - disease-free >11 months,None,None
C02,S08,15176375,2004,31,M,AML M2,febrile neutropenia after induction+consolidation,UNVERIFIED (species not in abstract),hepatosplenic,CT + hepatic biopsy,amphotericin B then liposomal amphotericin B (total 4 g),No,No,awaiting bone marrow transplant,discharged awaiting transplantation,None,None
C03,S09,15168600,2004,19,F,relapsed AML,prolonged neutropenia,UNVERIFIED (species not in abstract),liver spleen kidneys,imaging + cultures,fluconazole+caspofungin then itraconazole+caspofungin,No,No,interleukin-2 antileukaemic therapy restarted,organ lesions decreased at 8 weeks (during neutropenia),None,None
C04,S10,17696044,2006,infant (<2),UNVERIFIED,AML,pre-treatment (no prior chemotherapy),UNVERIFIED,systemic incl. gastrointestinal tract,histopathology (autopsy/pathology),none (died before chemotherapy),No,No,none,died of disseminated candidiasis,atypical case - infection preceded chemo-related neutropenia,None
C05,S11,17071559,2006,17,M,ALL,neutropenia recovered,Candida tropicalis,disseminated incl. skin kidney,biopsy + blood cultures + mannan antigen,amphotericin B,No,No,none,survived - lesions resolved on prolonged therapy; mannan negative day 130,None,None
C06,S13,16951789,2006,UNVERIFIED,UNVERIFIED,AML,UNVERIFIED,UNVERIFIED,hepatosplenic,UNVERIFIED,caspofungin monotherapy,No,No,UNVERIFIED,UNVERIFIED (title indicates successful initial treatment),no abstract available - full text required,None
C07,S16,16444677,2007,13,F,AML,neutropenic phase,Candida (species not in abstract - UNVERIFIED),hepatosplenic,clinical/imaging,amphotericin B and fluconazole (refractory) then caspofungin 50->100 mg/d x 12 months,No,No,none,resolved - sustained response,None,None
C08,S20,19158470,2009,60,F,AML (post 2nd consolidation),neutropenia recovered,UNVERIFIED,stomach (subepithelial mass) - unusual site,EUS-guided fine needle aspiration pathology,UNVERIFIED,No,No,none,UNVERIFIED (not in abstract),gastric presentation atypical for CDC,None
C09,S24,19228346,2009,UNVERIFIED,UNVERIFIED,AML,post-remission consolidation neutropenia,UNVERIFIED,hepatosplenic,clinical/imaging,caspofungin then fluconazole (prolonged),No,No,autologous HCT during stable infection,no breakthrough fungaemia - favorable outcome; transplant completed,None,None
C10a,S25,20631500,2010,adult,UNVERIFIED,acute leukaemia (type not in abstract),UNVERIFIED,UNVERIFIED,hepatosplenic,PET/CT series,antifungal therapy guided by FDG PET/CT,No,No,UNVERIFIED,favorable outcome with long-term follow-up,3 adult cases - individual details in full text only,None
C10b,S25,20631500,2010,adult,UNVERIFIED,acute leukaemia (type not in abstract),UNVERIFIED,UNVERIFIED,hepatosplenic,PET/CT series,antifungal therapy guided by FDG PET/CT,No,No,UNVERIFIED,favorable outcome with long-term follow-up,3 adult cases - individual details in full text only,None
C10c,S25,20631500,2010,adult,UNVERIFIED,acute leukaemia (type not in abstract),UNVERIFIED,UNVERIFIED,hepatosplenic,PET/CT series,antifungal therapy guided by FDG PET/CT,No,No,UNVERIFIED,favorable outcome with long-term follow-up,3 adult cases - individual details in full text only,None
C11,S31,26259411,2015,53,M,AML,remission - febrile neutropenia,probable (serology: mannan+anti-Candida IgG),liver spleen,CT + serology (culture-negative),multiple antimycotics over 3 months,No,No,none,resolved - clinical+CT resolution at 3 months,None,None
C12,S32,27408899,2016,47,UNVERIFIED,AML,post-cycle-3 neutropenia + fever,UNVERIFIED (fluconazole-susceptible implied),liver spleen,PET/CT + CT + biopsy,fluconazole,No,No,none,resolved - clinical resolution and negative CT at 1 month,None,None
C13,S33,27800196,2016,4,M,ALL,prolonged deep neutropenia,probable (pathogen uncertain per abstract),liver (hepatic),clinical/imaging,antifungal therapy (agent not in abstract - UNVERIFIED),No,Yes (IRIS - suspected; management in full text),none,UNVERIFIED (full text needed),abstract truncated before outcome,None
C14a,S38,35968598,2022,UNVERIFIED,UNVERIFIED,acute leukaemia,UNVERIFIED,UNVERIFIED,hepatosplenic (per series context),plasma/serum next-generation sequencing,UNVERIFIED,No,No,UNVERIFIED,UNVERIFIED,3 cases - Chinese-language full text required,None
C14b,S38,35968598,2022,UNVERIFIED,UNVERIFIED,acute leukaemia,UNVERIFIED,UNVERIFIED,hepatosplenic (per series context),plasma/serum next-generation sequencing,UNVERIFIED,No,No,UNVERIFIED,UNVERIFIED,3 cases - Chinese-language full text required,None
C14c,S38,35968598,2022,UNVERIFIED,UNVERIFIED,acute leukaemia,UNVERIFIED,UNVERIFIED,hepatosplenic (per series context),plasma/serum next-generation sequencing,UNVERIFIED,No,No,UNVERIFIED,UNVERIFIED,3 cases - Chinese-language full text required,None
C15,S39,37750159,2023,2,F,ALL,chemotherapy - prolonged febrile neutropenia,culture-proven (species not in abstract - UNVERIFIED),spleen kidneys scalp lower limb (skin lesions),imaging + skin aspirate culture,UNVERIFIED (agents not in abstract),No,Yes (IRIS - clinical),none,UNVERIFIED (full text needed),abstract truncated before outcome,None
C16a,S40,37089309,2023,UNVERIFIED,UNVERIFIED,leukaemia,post-chemotherapy,Candida (species not in abstract - UNVERIFIED),spleen (+ hepatosplenic),imaging,amphotericin B and other antifungals - failed,Yes - laparoscopic splenectomy,No,none,resolved after splenectomy,2 cases - individual details in full text only,None
C16b,S40,37089309,2023,UNVERIFIED,UNVERIFIED,leukaemia,post-chemotherapy,Candida (species not in abstract - UNVERIFIED),spleen (+ hepatosplenic),imaging,amphotericin B and other antifungals - failed,Yes - laparoscopic splenectomy,No,none,resolved after splenectomy,2 cases - individual details in full text only,None
C17,S42,37476594,2023,14,M,AML M3,neutropenic,Candida (species not in abstract - UNVERIFIED),soft tissue (muscular subcutaneous) + liver spleen,US + MRI,UNVERIFIED,No,No,none,UNVERIFIED (full text needed),abstract truncated before outcome,None
C18,S45,37083275,2023,7,F,pre-B ALL,prolonged febrile neutropenia; IRIS on neutrophil recovery,Candida (species not in abstract - UNVERIFIED),liver spleen kidney + subcutaneous granulomas + myositis,clinical/imaging,antifungal therapy + delayed corticosteroids (delayed due to concurrent MDR Acinetobacter pneumonia),No,Yes (IRIS - proven clinically),ICU stay; treated MDR A. baumannii pneumonia,well - continuing maintenance chemotherapy,None,None
C19,S46,38448809,2024,18,F,relapsed B-cell ALL,re-induction chemotherapy neutropenia,culture-proven (species not in abstract - UNVERIFIED),multi-organ incl. liver spleen skin,clinical + radiology + tissue culture (skin nodule hepatic lesion),amphotericin B + micafungin - total 11 months,Yes - splenectomy,No,none,disease controlled at 5 months (monthly CT monitoring); completed therapy,None,None
