case_id,source_id,pmid,pmcid,year,age_years,sex,leukaemia_type,neutropenia_context,candida_species,species_method,organs_involved,diagnosis_basis,antifungal_treatment,surgery,iris,outcome,extraction_level,extraction_checked_review
C01,S32,27408899,PMC4938872,2016,47,F,AML (chemo incl. prednisone+vincristine x3 cycles),neutropenia + fever after final cycle,not reported,n/a (biopsy suggestive; culture not stated),liver spleen,PET/CT uptake + abdominal CT + biopsy suggestive of HSC,fluconazole,No,No,clinical resolution and negative CT at 1 month,FULL TEXT,None
C02,S33,27800196,PMC5075288,2016,4,M,common ALL (ALL IC-BFM 2009 high-risk),day+35 febrile neutropenia after remission; fluconazole prophylaxis before,probable Candida (not identified),mannan antigen positive; biopsy culture negative,liver (microabscesses),MRI + US-guided biopsy (culture-neg) + mannan -> probable IFI,voriconazole then amphotericin B (failed) then caspofungin 50 mg/m2 (total 6 months; itraconazole switch failed),No,Yes (IRIS: dexamethasone 0.5 mg/kg added on neutrophil recovery; fever gone 3 days CRP normal 10 days),MRI normal after 6 months caspofungin; in ALL remission 25 months,FULL TEXT,None
C03a,S38,35968598,PMC9800221,2022,16,F,ALL (MEF2D-BCL9; NRAS/ARID5B/ZRSR2; karyotype 46/XX),febrile neutropenia after VILP induction (remission); recurrent fever after discharge,Candida albicans,liver tissue NGS (2 reads); tissue smear/culture and blood NGS/culture negative,liver + spleen (nodules on MRI),CT/MR imaging + CT-guided liver biopsy (necrosis; no organisms) + tissue NGS,flucytosine + caspofungin (at other hospital); 3 weeks total,No,Yes (suspected IRIS: lesions enlarged on MRI while clinically improving with normal WBC),lesions partially absorbed on MRI at 2 months; continued Hyper-CVAD consolidation without severe infection,FULL TEXT (Chinese),None
C03b,S38,35968598,PMC9800221,2022,39,F,APL (PML/RARa; t(15;17)),post-ATRA+ATO induction (remission; differentiation syndrome treated with dexamethasone); fever after discharge,Candida parapsilosis,peripheral blood NGS (3 reads); multiple blood cultures negative,liver + spleen,CT imaging + blood NGS (biopsy not feasible - lesions small),imipenem+teicoplanin+caspofungin then liposomal amphotericin B + micafungin (fever persisted) then at other hospital liposomal AmB + caspofungin,No,No,temperature fell to 38.0 C after ~2 weeks; discharged to local hospital - LOST TO FOLLOW-UP,FULL TEXT (Chinese),None
C03c,S38,35968598,PMC9800221,2022,45,M,AML non-APL (CEBPA double mutation; WT1),day-4 fever during IA induction; Bacillus cereus catheter infection (PICC removed); recurrent fever after discharge,Candida albicans,liver tissue NGS (77 reads); tissue smear/culture and blood cultures negative,liver + spleen + kidneys,CT imaging + CT-guided liver biopsy (inflammation/necrosis/granulation; no organisms) + tissue NGS,voriconazole + micafungin then voriconazole + caspofungin; later oral voriconazole,No,No,fever resolved by 1 week; CT lesions smaller at 6 weeks; consolidation chemo continued; leukaemia stable on oral voriconazole,FULL TEXT (Chinese),None
C04,S39,37750159,PMC10518137,2023,2,F,B-cell ALL (St Jude protocol; wk4 induction),febrile neutropenia week 4,Candida tropicalis,aspirate culture from left cubital fossa abscess (fluconazole-susceptible),spleen kidneys scalp abdominal wall gluteus muscles femur,imaging (MRI/CT) + tissue culture,amphotericin B then caspofungin; maintenance oral fluconazole 12 months,No,Yes (IRIS: paradoxical dissemination after chemo; portal catheter removed; prednisolone 5 mg BD added; afebrile 72h),clinical recovery; 9-month follow-up US shows no abscesses,FULL TEXT,None
C05a,S40,37089309,PMC10113846,2023,UNVERIFIED (adult female),F,AML-M5b,post-HAA induction CR with severe neutropenia (ANC<0.02),Candida tropicalis,blood mNGS (day 26) + splenic histopath (PAS/GMS/FISH - hyphae; tissue culture negative),spleen (+ liver kidney lesions),imaging + mNGS + splenic histopathology,voriconazole failed; amphotericin B 40 mg/d then voriconazole/fluconazole + micafungin,Yes - laparoscopic splenectomy,No,fever resolved immediately postop; oral fluconazole; 2nd chemo cycle - CR maintained; no fever relapse,FULL TEXT,None
C05b,S40,37089309,PMC10113846,2023,32,F,B-cell ALL (VICLP induction Aug 2015),day-8 febrile neutropenia (posaconazole prophylaxis before),Candida tropicalis,blood cultures x3 (pan-azole-resistant),spleen (+ hepatosplenic),blood culture + imaging,voriconazole ineffective (per text); splenectomy as salvage after antifungal failure,Yes - laparoscopic splenectomy,No,resolved after splenectomy (per case report),FULL TEXT,None
C06,S42,37476594,PMC10354359,2023,14,M,AML M3,neutropenic,Candida albicans,US-guided needle aspiration culture + cytopathology (germ tube chlamydospores CHROMagar),soft tissue (muscular subcutaneous legs buttocks feet) + hepatosplenic,imaging (US/MRI) + aspirate culture,amphotericin B IV 2 weeks then oral fluconazole (3 months; with chemo),Yes - surgical incision of persistent abscesses (pathology: granulation tissue; candida resolved),No,lesions partly calcified/resolved on MRI at 3 months; complete candida resolution post-surgery,FULL TEXT,None
C07,S46,38448809,BMC (no PMCID),2024,18,F,relapsed B-cell ALL (re-induction AALL1131),neutropenic fever during re-induction; micafungin prophylaxis before,Candida tropicalis,skin punch biopsy culture (fluconazole/caspofungin/voriconazole-susceptible) + tissue PCR/sequencing of hepatic biopsy,liver spleen skin kidney (+ lung nodule investigated),imaging + tissue culture + PCR,micafungin -> voriconazole -> liposomal amphotericin B -> fluconazole -> micafungin 150 + liposomal AmB (total 11 months),Yes - splenectomy at 6 months to reduce disease burden,No,disease controlled on monthly CT at 5 months; continued antifungals 6 months post-splenectomy,FULL TEXT,None
