case_id,pmcid,age_raw,age_num,sex_raw,agent_class,agent,exposure_context,route,time_to_care,n_symptoms,icu,outcome_cat,outcome_raw
PMC10040141_case_1,PMC10040141,14 years,14,male,neonicotinoid,"Imidacloprid (Confidor, imidacloprid 17.8% SL)",non-occupational,oral ingestion,Discovered unconscious approximately 30 minutes after intake; exact time to hospital arrival UNVERIFIED,3,"UNVERIFIED (intubation and mechanical ventilation documented, ICU admission not explicitly stated)",survived/recovered,"survived, discharged after one week of hospital stay"
PMC10285569_case_1,PMC10285569,22 years,22,male,organophosphate,Monocrotophos (organophosphate insecticide) with ethanol,non-occupational,oral ingestion,"Initial medical attention at a private hospital; referred to the study institute's emergency department at 3:30 AM on January 3, 2023 (ingestion ~8:30 PM January 2, 2023)",3,Yes (invasive mechanical ventilation; explicit ICU wording UNVERIFIED),survived/recovered,"discharged against medical advice on February 5, 2023; alive at discharge"
PMC10469624_case_1,PMC10469624,25 years,25,male,bipyridyl herbicide (paraquat/diquat),Diquat (non-selective herbicide),unclear,oral ingestion,Admitted to a local hospital at an unstated interval after ingestion; transferred to the authors' hospital 9 days after oral diquat ingestion (renal function had deteriorated),2,UNVERIFIED,survived/recovered,"survived; renal function improved, discharged on day 10; splenial lesion no longer visible on CT at day 14"
PMC10553043_case_1,PMC10553043,15 years,15,female,bipyridyl herbicide (paraquat/diquat),"Paraquat (herbicide, ~10 ml)",non-occupational,oral ingestion,Presented to the emergency department 2 days after ingestion; initially managed at a nearby private hospital PICU,4,"Yes (""She was then shifted to ICU for hemodialysis."")",died,died of multiorgan failure on day 19 of admission
PMC10585619_case_1,PMC10585619,15 years,15,male,bipyridyl herbicide (paraquat/diquat),"Paraquat (20% W/V solution, about 3 teaspoonfuls)",non-occupational,oral ingestion,"Immediately following ingestion, admitted to a nearby hospital, then referred to the authors' hospital 2 days after ingestion",4,UNVERIFIED,survived/recovered,survived; discharged on day 11; symptom-free at 3-week follow-up with normal renal and liver function
PMC10641856_case_1,PMC10641856,38 years,38,male,pyrethroid,"Thiamethoxam and lambda-cyhalothrin (neonicotinoid + pyrethroid insecticide combination), ~100 ml",non-occupational,oral ingestion,UNVERIFIED (ingestion in the afternoon; exact interval to hospital arrival not stated),3,UNVERIFIED (ventilated and sedated for one day; explicit ICU admission not stated),survived/recovered,"survived; weaned, extubated, shifted to ward, discharged after three further days of monitoring; follow-up uneventful"
PMC10662577_case_1,PMC10662577,42 years,42,male,organophosphate,"Organophosphate pesticide (exact agent UNVERIFIED; patient reportedly ingested 'fertilizer'; urine total dialkyl phosphate 200,000 nmol/L)",non-occupational,oral ingestion,UNVERIFIED (paramedics responded to the residence after wife's notification; exact interval not stated),3,"Yes (""Upon admission to the intensive care unit, the patient had a Glasgow Coma Scale score of 3."")",died,died (cause of death: acute OP toxicity; manner: suicide)
PMC10665814_case_1,PMC10665814,23 years,23,female,bipyridyl herbicide (paraquat/diquat),"Paraquat (25% solution, approximately 25 ml)",non-occupational,oral ingestion,Gastric lavage at first-level facility; admitted to the referral hospital 30 h after ingestion (34 h to hemoadsorption start),3,"Yes (""She was transferred to the intensive care unit (ICU) with an APACHE II score of 7 points."")",survived/recovered,survived; discharged after 26 days; pregnancy ended at term without complications in another institution and the newborn was healthy
PMC10731128_case_1,PMC10731128,33 years,33,male,organophosphate,Unspecified organophosphate insecticide (bottle found at side; agent name UNVERIFIED),unclear,UNVERIFIED (ingestion suspected; bottle found at his side),"UNVERIFIED (brought immediately to tertiary care hospital per relatives, exact interval not stated)",4,"Yes (""A 33-year-old farmer was admitted to medicine intensive care unit (ICU) after being brought to casualty in a disoriented state."")",survived/recovered,survived; disconnected from mechanical ventilator in week 4 with spontaneous breathing maintained for 48 hours; progressed to standing and walking; overall functioning improved on scales of consciousn
PMC10735555_case_1,PMC10735555,UNVERIFIED (per-case demographics not reported in source text),,UNVERIFIED,glyphosate/other herbicide,Pretilachlor 50% emulsified concentrate (EC),non-occupational,oral ingestion,All presented within 3 h of ingestion,2,UNVERIFIED (patients admitted to medical ward),survived/recovered,"discharged after 3 days of hospital admission, clinically stable; no symptoms at one-week follow-up"
PMC10735555_case_2,PMC10735555,UNVERIFIED (per-case demographics not reported in source text),,UNVERIFIED,glyphosate/other herbicide,Pretilachlor 50% emulsified concentrate (EC),non-occupational,oral ingestion,All presented within 3 h of ingestion,2,UNVERIFIED (patients admitted to medical ward),survived/recovered,"discharged after 3 days of hospital admission, clinically stable; no symptoms at one-week follow-up"
PMC10735555_case_3,PMC10735555,UNVERIFIED (per-case demographics not reported in source text),,UNVERIFIED,glyphosate/other herbicide,Pretilachlor 50% emulsified concentrate (EC),non-occupational,oral ingestion,All presented within 3 h of ingestion,2,UNVERIFIED (patients admitted to medical ward),survived/recovered,"discharged after 3 days of hospital admission, clinically stable; no symptoms at one-week follow-up"
PMC10735555_case_4,PMC10735555,UNVERIFIED (per-case demographics not reported in source text),,UNVERIFIED,glyphosate/other herbicide,Pretilachlor 50% emulsified concentrate (EC),non-occupational,oral ingestion,All presented within 3 h of ingestion,2,UNVERIFIED (patients admitted to medical ward),survived/recovered,"discharged after 3 days of hospital admission, clinically stable; no symptoms at one-week follow-up"
PMC10735555_case_5,PMC10735555,UNVERIFIED (per-case demographics not reported in source text),,UNVERIFIED,glyphosate/other herbicide,Pretilachlor 50% emulsified concentrate (EC),non-occupational,oral ingestion,All presented within 3 h of ingestion,2,UNVERIFIED (patients admitted to medical ward),survived/recovered,"discharged after 3 days of hospital admission, clinically stable; no symptoms at one-week follow-up"
PMC10735555_case_6,PMC10735555,UNVERIFIED (per-case demographics not reported in source text),,UNVERIFIED,glyphosate/other herbicide,Pretilachlor 50% emulsified concentrate (EC),non-occupational,oral ingestion,All presented within 3 h of ingestion,2,UNVERIFIED (patients admitted to medical ward),survived/recovered,"discharged after 3 days of hospital admission, clinically stable; no symptoms at one-week follow-up"
PMC10762317_case_1,PMC10762317,15 months,15,female,organophosphate,Methamidophos (detected in blood and urine); likely a byproduct of acephate exposure,non-occupational,"dermal exposure (most likely from workers' clothes; no oral exposure noted) — ""With no oral exposure being noted, the most likely route of exposure was dermal. The source is likely to be the workers’ clothes.""","Symptoms developed 4 h after the pesticide workers' visit (""Four hours after visiting hours, the patient deteriorated.""); she was already in hospital for an unrelated illness",3,"Yes (""The patient was admitted to Paediatric Intensive Care Unit (PICU) with suspected organophosphate toxicity."")",survived/recovered,"survived; uneventful recovery, weaned off atropine, transferred to general ward, clinically well at 3-week follow-up"
PMC10767630_case_1,PMC10767630,36 years,36,male,pyrethroid,"Cypermethrin 20% concentrate (~50 mL, equivalent to 10 g; cattle and sheep dip)",non-occupational,oral ingestion,UNVERIFIED (found unconscious and immediately taken to his local clinic; exact interval from ingestion not stated),3,"Yes (""The patient was subsequently transferred to the intensive care unit (ICU) for continued care."")",survived/recovered,survived; discharged home after psychological evaluation; no residual symptoms at 18-month follow-up
PMC10978098_case_1,PMC10978098,54 years,54,male,carbamate,"Carbofuran (furan, carbamate pesticide); blood concentration 1.8 µg/mL",unclear,"UNVERIFIED (exposure route not stated; blood, urine and stomach contents sampled for testing)",UNVERIFIED (exact interval from symptom onset to ER admission not stated),3,"Yes (""Nine hours later the patient was transferred to the intensive care unit (ICU)"")",survived/recovered,survived; discharged from ICU on the third day; in excellent health at one-year follow-up
PMC10978098_case_2,PMC10978098,68 years,68,male,organophosphate,Dichlorvos (organophosphate); blood dichlorvos 0.08 μg/mL and trimethylate phosphate 3.4 μg/mL,non-occupational,oral ingestion,Discovered by family about two hours after ingestion; on ER admission at the tertiary hospital he had been exposed to the pesticide for nine hours,4,"Yes (""Upon admission to the ICU of the Affiliated Hospital of Chengde Medical College..."")",died,"died one day after transfer back to Longhua County Hospital, due to respiratory failure"
PMC10981267_case1,PMC10981267,18-year-old,18,male,bipyridyl herbicide (paraquat/diquat),"paraquat (paraquat dichloride 24% SL, 24% (w/V) solution)",non-occupational,ingestion,presented on the third post-ingestion day (ingestion 4 days before ER arrival),5,yes,died,died
PMC10985417_case1,PMC10985417,79-year-old,79,female,organophosphate,dichlorvos (organophosphorus insecticide),non-occupational,ingestion,immediate (urgently sent to local hospital),4,UNVERIFIED,survived/recovered,"recovered; discharged 9 days after surgery, well at 2-month (66-day) follow-up"
PMC11034119_caseA,PMC11034119,13 years,13,female,bipyridyl herbicide (paraquat/diquat),"diquat (liquid formulation, 200 g/L), about 15 mL, alimentary canal, oral/swallow",non-occupational,ingestion,sent to local hospital 1 h after ingestion; transferred to Lanzhou University Second Hospital PICU 8 h after ingesting DQ,4,yes (PICU),survived/recovered,improved; hospitalized 9 days
PMC11034119_caseB,PMC11034119,13 years,13,female,bipyridyl herbicide (paraquat/diquat),"diquat (liquid formulation, 200 g/L), about 20 mL, alimentary canal, oral/swallow",non-occupational,ingestion,sent to local hospital 6 h after ingestion; first CBP 90 h after poisoning,5,yes (PICU),survived/recovered,improved; hospitalized 29 days
PMC11053606_case1,PMC11053606,almost-40-year-old,40,male,fumigant (aluminium phosphide/chloropicrin),aluminum phosphide (Gastoxin tablets) releasing phosphine gas,occupational/agricultural,inhalation,immediate (emergency medical crew to nearest hospital; oxygen 15 L/min en route),2,yes (admitted to ICU of local hospital; supportive ventilation not required),survived/recovered,survived; discharged from hospital in a stable condition 4 days after admission with excellent final clinical outcome
PMC11126755_case1,PMC11126755,18-year-old,18,male,organophosphate,"indoxacarb (non-organophosphorus oxadiazine insecticide), 200 mL",non-occupational,ingestion,1 hour after ingestion,6,yes (medical ICU),survived/recovered,complete recovery; discharged day 4 without sequelae
PMC11129105_case1,PMC11129105,38-year-old,38,male,organophosphate,"indoxacarb (non-organophosphorus oxadiazine insecticide); initially unidentified substance, later identified by family",occupational/agricultural,ingestion,UNVERIFIED (presented after prior treatment at a nearby primary healthcare facility; no interval given),3,UNVERIFIED (not stated),survived/recovered,"gradual improvement; SpO2 92-95% day 2, 95-97% after tapering oxygen, 98% on 5 L/min by day 5"
PMC11281941_case1,PMC11281941,40-year-old,40,male,amitraz (formamidine),"Amitraz (identified by patient's relatives; sold in organic solvents, mostly xylene); amount UNVERIFIED",non-occupational,ingestion (co-ingested with alcohol),4 hours after ingestion,5,yes,survived/recovered,"full recovery; regained consciousness after 3 days, extubated, discharged after 7 days of hospitalization"
PMC11296451_case1,PMC11296451,65-year-old,65,male,neonicotinoid,"imidacloprid pesticide (1- to 2-thousand-fold dilution), applied to fruit trees (NOTE: the Discussion inconsistently calls the agent 'pyraclostrobin')",occupational/agricultural,ocular (direct eye contact),symptoms persisted 4 days before admission; treated first at a local clinic without improvement (no interval given),4,"no (ordinary hospitalization, ophthalmology)",survived/recovered,improved (diplopia resolved and ptosis significantly improved); discharged day 7; at day-13 follow-up eyelid aperture equal to left eye
PMC11299130_case1,PMC11299130,48-year-old,48,male,organophosphate,UNVERIFIED (specific agent not named; intermediate syndrome indicates an organophosphate pesticide: title 'Intermediate Syndrome Secondary to Organophosphate Poisoning'),non-occupational,ingestion (implied by 'consuming poison'; exact wording on route UNVERIFIED beyond this),UNVERIFIED (no interval between ingestion and casualty arrival stated),4,yes (medicine ICU),survived/recovered,"significant improvement in functional independence, mobility and psychological well-being over 2 weeks of physiotherapy (progressed from maximal assistance to no assistance / walking without assistanc"
PMC11302508_case1,PMC11302508,52-year-old,52,male,organophosphate,"Dichlorvos (DDVP; 2,2-dichlorovinyl-dimethyl-phosphate), fume exposure during spraying; dose UNVERIFIED",occupational/agricultural,"respiratory/cutaneous exposure (fumes) — ""exposure to DDVP fumes""; exact primary route UNVERIFIED beyond that",UNVERIFIED (hospitalized after breathlessness developed; AKI delayed presentation ~1 week after exposure per discussion: 'delayed presentation of AKI after a week of exposure'),4,"UNVERIFIED (intubation/mechanical ventilation implies critical care, but ICU admission not explicitly stated)",survived/recovered,"first episode recovered (dialysis-independent by 4 weeks); recurrent AKI did not respond to steroids; remained dialysis-dependent, progressed to ESRD"
case 1,PMC11303190,UNVERIFIED,,UNVERIFIED,neonicotinoid,"imidacloprid (emulsion, 300 g/bottle, 5% active ingredient content)",non-occupational,oral,approximately 30 min,3,UNVERIFIED,survived/recovered,cured and discharged
case 2,PMC11303190,UNVERIFIED,,UNVERIFIED,neonicotinoid,"imidacloprid (emulsion, 300 g/bottle, 5% active ingredient content)",non-occupational,oral,approximately 30 min,3,UNVERIFIED,survived/recovered,cured and discharged
case 3,PMC11303190,UNVERIFIED,,UNVERIFIED,neonicotinoid,"imidacloprid (emulsion, 300 g/bottle, 5% active ingredient content)",non-occupational,oral,approximately 30 min,3,UNVERIFIED,survived/recovered,cured and discharged
case 4,PMC11303190,UNVERIFIED,,UNVERIFIED,neonicotinoid,"imidacloprid (emulsion, 300 g/bottle, 5% active ingredient content)",non-occupational,oral,approximately 30 min,3,UNVERIFIED,survived/recovered,cured and discharged
case 1,PMC11455649,24 years,24,male,glyphosate/other herbicide,"2,4-Dichlorophenoxyacetic acid (trade name Dhanweed), approximately 45 ml ingested",non-occupational,oral,presented within one hour of ingestion,3,yes,survived/recovered,survived; discharged on oral medications on the fourth day
case 1,PMC11487235,in his 40s (abstract states 45-year-old male),40,male,copper sulfate,"copper sulfate, unquantified amount",non-occupational,oral (ingestion),UNVERIFIED,4,yes (Intensive Care Unit),survived/recovered,"survived; dialysis stopped, discharged, kidney function normalized on outpatient follow-up"
case 1,PMC11724406,24 years,24,male,indoxacarb,"ACCOUNT (Novaluron 5.25% + Indoxacarb 4.5%), 100 mL diluted in a soft carbonated beverage",non-occupational,oral,UNVERIFIED (received gastric lavage at a nearby hospital before transfer),3,yes,survived/recovered,"survived; bluish discolouration resolved next day, SpO2 95% on room air, discharged the following day after transfer to general ward"
case 1,PMC11882993,52 years,52,female,glyphosate/other herbicide,"'Sackweed-38' containing 38% ethyl ester (2,4-Dichlorophenoxyacetic acid), unknown quantity",non-occupational,oral,presented to our emergency department after approximately six hours of poison ingestion,4,"yes (implied by intubation, mechanical ventilation, vasopressors)",died,died of cardiac arrest on the sixth day of hospitalization
case 1,PMC11981316,45 years,45,female,bipyridyl herbicide (paraquat/diquat),"paraquat (20% solution), 10 mL",non-occupational,oral,UNVERIFIED (gastric lavage with activated charcoal performed before referral),4,yes (admitted to the Intensive Care Unit),died,died of progressive multiorgan failure on the fourth day of hospital admission
case 1,PMC12095608,24 years,24,male,pyrethroid,"insect killer containing deltamethrin and cypermethrin, 400 mL ingested",non-occupational,oral,ingested 'just a short while before the crew's arrival' (UNVERIFIED exact interval),4,yes (medical intensive care unit),survived/recovered,survived; returned to baseline and discharged on the seventh day
case 1,PMC12097250,33 years,33,male,organophosphate,"Orthene fire ant killer (50% acephate), undetermined quantity",non-occupational,oral,UNVERIFIED,3,yes,survived/recovered,"survived; extubated on hospital day two, observed in ICU another 48 hours, transferred to inpatient psychiatry"
case 1,PMC12223390,25 years,25,male,indoxacarb,"indoxacarb, approximately 5 mL of a 15% solution",non-occupational,intravenous injection,UNVERIFIED,3,yes (2 days),survived/recovered,"survived; symptoms resolved by day 2, SpO2 96% on room air, transferred to toxicology ward, GCS 15/15"
case 1,PMC12280319,19 years,19,male,bipyridyl herbicide (paraquat/diquat),"paraquat dichloride (24%), approximately 5 ml",non-occupational,oral,initially taken to a local hospital; discovered six hours after ingestion,4,yes (admitted to Critical Care Unit),died,died on the seventh day of admission
case 1,PMC12305092,5 years 11 months,5,male,organophosphate,"organophosphate pesticide, dichlorvos (suspected; container found nearby; no laboratory confirmation)",non-occupational,unclear (suspected ingestion; not witnessed),approximately five hours after suspected exposure,4,UNVERIFIED,survived/recovered,"survived; full recovery by day 5, discharged tolerating feeds with no neurological deficits"
case 1,PMC12356379,40 years,40,male,organophosphate,"profenofos (500 g/L emulsifiable concentrate), approximately 50 mL",non-occupational,oral,presented five hours after ingestion,2,yes (intubated and mechanically ventilated),survived/recovered,"survived; full neurological recovery, extubated 72 h after ingestion, asymptomatic at six-month follow-up"
Case 1,PMC12672530,21 years,21,male,bipyridyl herbicide (paraquat/diquat),diquat,non-occupational,ingestion,presented the day after ingestion; had two sessions of blood perfusion at another hospital before transfer,4,yes (transferred to ICU and nephrology department),survived/recovered,"survived, discharged 12 September with obvious improvement; at 3-month follow-up diquat undetectable and blood routine, liver, kidney, coagulation function normal"
Case 2,PMC12672530,19 years,19,female,bipyridyl herbicide (paraquat/diquat),diquat,non-occupational,ingestion,10 h after ingestion,1,yes (transferred to the ICU),survived/recovered,survived; requested voluntary discharge on March 29; good survival condition at 3-month follow-up with normal labs and undetectable diquat
Case 3,PMC12672530,23 years,23,female,bipyridyl herbicide (paraquat/diquat),diquat,non-occupational,ingestion,2 days after ingestion,5,yes (transferred to the ICU on December 2),died,died on December 9 (remained in coma; discharged due to financial difficulties and died the same day)
Case 4,PMC12672530,14 years,14,female,bipyridyl herbicide (paraquat/diquat),diquat,non-occupational,ingestion,approximately 14 h after ingestion,3,UNVERIFIED (no explicit ICU admission stated; managed with blood purification and later nephrology department care),survived/recovered,"survived; condition stabilized and discharged on March 9; at 3-month follow-up diquat undetectable, blood count/liver/coagulation normal, but chronic renal insufficiency and chronic cardiac dysfunctio"
Case I,PMC12680488,27 years,27,female,bipyridyl herbicide (paraquat/diquat),"paraquat (24% PQ, Gramoxone)",non-occupational,ingestion,4 h after ingestion,6,yes (admitted to ICU for close observation),died,died on Day 4 after admission from progressive multi-organ failure
Case II (mother),PMC12680488,35 years,35,female,bipyridyl herbicide (paraquat/diquat),paraquat dichloride (PQ Dichloride),non-occupational,ingestion,approximately 3.5 h after ingestion,5,yes (transferred to the Medical Intensive Care Unit),survived/recovered,"survived; condition stabilized on day 5, discharged on June 19, 2023 after 19 days of treatment"
"Case II (elder son, 7 years)",PMC12680488,7 years,7,male,bipyridyl herbicide (paraquat/diquat),paraquat dichloride 24%,non-occupational,ingestion,"treated at a nearby hospital, referred to CMCTH after 3.5 h; exact time since ingestion unclear",3,"yes (transferred to the Pediatric Intensive Care Unit for observation, then to the ward)",survived/recovered,survived; discharged after 8 days with normal urea and creatinine and stable condition
"Case II (younger son, 1 year)",PMC12680488,1 year,1,male,bipyridyl herbicide (paraquat/diquat),"paraquat dichloride 24% (approximately 5 mL with milk, around 100 mg/kg)",non-occupational,ingestion,"managed with oxygen, ceftriaxone, ranitidine, and hydrocortisone at a nearby hospital, then referred to CMCTH 3.5 h after ingestion",5,yes (shifted to the Pediatric Intensive Care Unit),died,"died 7 h after admission despite resuscitation (bradycardia < 60 bpm, could not be revived)"
Case 1,PMC12722966,37 years,37,male,rodenticide (anticoagulant),"brodifacoum and bromadiolone (anticoagulant rodenticides, mixed poisoning)",unclear,UNVERIFIED (route of exposure not stated; patient denied direct contact or accidental ingestion),8 days after symptom onset (sought care at a local hospital on pre-admission day 1 after acute urinary retention; transferred to study hospital on day 8),5,UNVERIFIED (not explicitly stated; CRRT was given in hospital),survived/recovered,"survived; discharged on post-admission day 6 with Scr 1.52 mg/dL; renal function and coagulation normal at follow-up until June 20, 2025"
Index patient,PMC12747447,UNVERIFIED (described only as a middle-aged man),,male,organophosphate,"malathion (maldison) — Horti-on insecticide, 500 g/L maldison with 487 g/L liquid hydrocarbon solvent",non-occupational,"ingestion (OP ingestion; found at home, conveyed by ambulance)",found at home and conveyed via ambulance (exact interval UNVERIFIED),3,yes (admitted to the intensive care unit; high dependency unit for 3 days after extubation),survived/recovered,"survived; discharged in full recovery (extubated Day 4, HDU 3 days, one more day in general ward)"
Case 1,PMC12824899,41 years,41,female,organophosphate,chlorpyrifos (48% soluble liquid),non-occupational,ingestion,approximately 3 hours after ingestion,4,yes (transferred to ICU after ~5 hours in ED; 5 days in ICU),survived/recovered,"survived; renal function improved, urine output increased, respiratory distress and mental status improved over 84 hours; transferred to inpatient department after 5 ICU days and discharged after 7 da"
Case 1,PMC12868594,32 years,32,male,fumigant (aluminium phosphide/chloropicrin),aluminum phosphide (4 tablets),non-occupational,ingestion,attended a nearby clinic 1 hour after ingestion; presented to the regional hospital 4 hours after ingestion,5,yes (72 hours in ICU),survived/recovered,"survived; sinus rhythm restored ~18 h after AF onset, dopamine stopped ICU day 2, discharged after 5 days; at 2-week and 1-month reviews asymptomatic with normal ECG, echocardiography, and troponin"
Case 1,PMC12942672,66 years,66,male,glyphosate/other herbicide,glyphosate-based herbicide (vapors and aerosols),occupational/agricultural,inhalation,"presented to the emergency department on 25 April, 4 days after the exposure on 21 April (severe visual impairment the next day led to admission on 26 April)",4,no (admitted to the neurology ward; ICU admission not mentioned),survived/recovered,survived with near-complete visual recovery; follow-up MRI on 12 June 2025 showed no new lesions and no contrast enhancement; visual field examinations showed complete recovery
Case 1,PMC12961694,23 years,23,male,bipyridyl herbicide (paraquat/diquat),"diquat (DQ), approximately 120 mL of 20 g/100 mL solution (~24 g) injected intravenously",unclear,intravenous injection (elbow/cubital vein),admitted 1 h after injection (arrived at emergency department at 17:00; transferred directly from referring hospital without specific treatment),6,yes (admitted to the emergency intensive care unit (EICU) at 17:40),died,"died — declared clinically dead at 01:21 on February 22, ~6 h after admission, of respiratory and circulatory failure"
Case 1,PMC13048672,40 years,40,male,amitraz (formamidine),"amitraz (12.5% W/V), 30 mL (~3750 mg, 46.8 mg/kg)",non-occupational,ingestion (oral),1 hour after ingestion,5,"yes (shifted to ICU for mechanical ventilation; extubated day 3, medical ward day 4)",survived/recovered,survived; discharged on day 5 after psychiatric consultation; at 2-week follow-up basic blood investigations normal and treated per depression guidelines
Case 1,PMC13072598,35 years,35,female,fipronil/phenylpyrazole,"fipronil (50% liquid solution, 50 mL, ~417.6 mg/kg)",non-occupational,ingestion,3 hours after ingestion,3,no (observed in hospital; ICU admission not mentioned),survived/recovered,survived; discharged after 48 h of observation in stable condition with favourable outcome; remained asymptomatic during follow-up at nearby health centre
PMC13088479-case1,PMC13088479,17 years,17,male,avermectin/emamectin,abamectin (avermectin class insecticide),occupational/agricultural,"occupational spraying without protective shield (dermal/inhalational, exact route not specified)",Presented to hospital 15 days after onset of symptoms (last spraying 3 weeks before presentation),9,UNVERIFIED,survived/recovered,Stable at hospitalization; improved after follow-up
PMC13137143-case1,PMC13137143,23 years,23,UNVERIFIED,glyphosate/other herbicide,"2,4-dichlorophenoxyacetic acid (2,4-D) herbicide",non-occupational,ingestion,3 hours from ingestion to hospital,1,UNVERIFIED,died,Death
PMC13137143-case2,PMC13137143,32 years,32,UNVERIFIED,glyphosate/other herbicide,"2,4-dichlorophenoxyacetic acid (2,4-D) herbicide",non-occupational,ingestion,2 hours from ingestion to hospital,1,UNVERIFIED,died,Death
PMC13137143-case3,PMC13137143,23 years,23,UNVERIFIED,glyphosate/other herbicide,"2,4-dichlorophenoxyacetic acid (2,4-D) herbicide",non-occupational,ingestion,2 hours from ingestion to hospital,0,UNVERIFIED,survived/recovered,Survived
PMC13137143-case4,PMC13137143,42 years,42,UNVERIFIED,glyphosate/other herbicide,"2,4-dichlorophenoxyacetic acid (2,4-D) herbicide",non-occupational,ingestion,1.5 hours from ingestion to hospital,1,UNVERIFIED,died,Death
PMC13137143-case5,PMC13137143,60 years,60,UNVERIFIED,glyphosate/other herbicide,"2,4-dichlorophenoxyacetic acid (2,4-D) herbicide",non-occupational,ingestion,2.5 hours from ingestion to hospital,1,UNVERIFIED,died,Death
PMC13137143-case6,PMC13137143,17 years,17,UNVERIFIED,glyphosate/other herbicide,"2,4-dichlorophenoxyacetic acid (2,4-D) herbicide",non-occupational,ingestion,0.5 hours from ingestion to hospital,0,UNVERIFIED,survived/recovered,Survived
PMC13137143-case7,PMC13137143,29 years,29,UNVERIFIED,glyphosate/other herbicide,"2,4-dichlorophenoxyacetic acid (2,4-D) herbicide",non-occupational,ingestion,2 hours from ingestion to hospital,0,UNVERIFIED,survived/recovered,Survived
PMC13137143-case8,PMC13137143,38 years,38,UNVERIFIED,glyphosate/other herbicide,"2,4-dichlorophenoxyacetic acid (2,4-D) herbicide",non-occupational,ingestion,2.5 hours from ingestion to hospital,0,UNVERIFIED,survived/recovered,Survived
PMC13149246-case1,PMC13149246,60 years,60,female,avermectin/emamectin,avermectin,non-occupational,ingestion,Found by family members about 2 hours after ingestion and admitted to the intensive care unit,4,Yes (admitted to the intensive care unit on Day 0),survived/recovered,"Hematologic abnormalities resolved and renal function recovered with discontinuation of dialysis; renal function stable without relapse at follow-up on March 30, 2026"
PMC13180496-case1,PMC13180496,73 years,73,female,pyrethroid,permethrin (Type I pyrethroid) household insecticide,non-occupational,ingestion (with possible concomitant inhalational exposure),Promptly transported to the emergency department by emergency medical services (exact interval UNVERIFIED),4,Yes (mechanical ventilation; weaned day 20) — implied by intubation and ventilation,survived/recovered,Decannulated on day 30 and discharged on day 36 in stable condition
PMC13195271-case1,PMC13195271,4 years,4,female,bipyridyl herbicide (paraquat/diquat),"paraquat ('Gamaline 20', paraquat-containing herbicide)",non-occupational,"dermal (scalp application on freshly shaved, abraded scalp)",Approximately 36 h after exposure,3,No (died shortly after presentation; 'Laboratory investigations were not performed due to the rapid progression.'),died,Died shortly after presentation
PMC13195271-case2,PMC13195271,6 years,6,female,bipyridyl herbicide (paraquat/diquat),"paraquat ('Gamaline 20', paraquat-containing herbicide)",non-occupational,"dermal (scalp application on shaved, abraded scalp)",Approximately 36 h after exposure (presented at the same time as siblings),4,Yes (admitted to the intensive care unit),died,Died on the ninth day of hospitalization from progressive respiratory failure
PMC13195271-case3,PMC13195271,8 years,8,female,bipyridyl herbicide (paraquat/diquat),"paraquat ('Gamaline 20', paraquat-containing herbicide)",non-occupational,"dermal (scalp application on shaved, abraded scalp)",Approximately 36 h after exposure (presented at the same time as siblings),5,Yes (necessitating admission to the ICU),died,Died on the tenth day of hospitalization following multi-organ failure
PMC13241100-case1,PMC13241100,30 years,30,male,bipyridyl herbicide (paraquat/diquat),paraquat (24% solution),non-occupational,ingestion,UNVERIFIED (initially treated at a nearby hospital; exact interval not stated),6,UNVERIFIED (invasive ventilation and tracheostomy documented; formal ICU admission not stated),died,Died on day 24 of admission
PMC13290272-c1,PMC13290272,29,29,female,bipyridyl herbicide (paraquat/diquat),paraquat dichloride 24% (ingested as 'gramashru'),non-occupational,oral ingestion,presented to local hospital on day of ingestion; referred to tertiary hospital on day 4,5,UNVERIFIED (ICU not explicitly stated; intubated and on vasopressor support),died,initial improvement after TPE then clinical worsening; death not explicitly stated
PMC13291128-c1,PMC13291128,53,53,male,fumigant (aluminium phosphide/chloropicrin),chloropicrin (trichloronitromethane) soil fumigant,occupational/agricultural,inhalation (soil fumigation exposure),consciousness disorder developed 3 days after exposure; admitted via local hospital then tertiary ED,3,UNVERIFIED (mechanically ventilated; ICU not explicitly named),survived/recovered,consciousness improved after 3 weeks; discharged home
PMC13367297-c1,PMC13367297,22,22,male,avermectin/emamectin,emamectin benzoate 5% emulsifiable concentrate,non-occupational,oral ingestion,approximately three hours after ingestion,4,yes,survived/recovered,"hemodynamic recovery after first ILE dose, neurological improvement after second dose; survived"
PMC13423573-case1,PMC13423573,30 years,30,male,organophosphate,"diazinon (Diacidol 600 Emulsifiable Concentrate, diazinon 600 g/L)",non-occupational,ingestion,Presented to primary clinic approximately 30 minutes after ingestion; transferred to emergency department within approximately one hour of that presentation,4,"Yes (admitted to the intensive care unit for mechanical ventilation, continuous atropine infusion, pralidoxime infusion, and close monitoring)",survived/recovered,Cholinergic features resolved; extubated within 24 hours; antidotal therapy discontinued day 3; discharged in stable condition in police custody
PMC13460704-case1,PMC13460704,53 years,53,male,amitraz (formamidine),"amitraz (Taktic 12.5% EC, 125 mg/mL formulation)",unclear,ingestion,Approximately 3 h after ingestion,5,UNVERIFIED (intubated and ventilated for 4 days; formal ICU admission not stated),survived/recovered,Gradual recovery with successful extubation at 96 hours
PMC13460704-case2,PMC13460704,21 years,21,male,fipronil/phenylpyrazole,fipronil (0.05% fipronil gel; initially misidentified as propoxur 'Khatnil spray'),unclear,ingestion,3 h after ingestion,4,UNVERIFIED (intubated and ventilated; formal ICU admission not stated),survived/recovered,Improvement with extubation at 18 hours
PMC13460704-case3,PMC13460704,32 years,32,male,glyphosate/other herbicide,"2,4-dichlorophenoxyacetic acid (2,4-D) herbicide (United Phosphorus Ltd., Mumbai, India)",unclear,ingestion,UNVERIFIED,3,UNVERIFIED,survived/recovered,Neurological and lab parameters improved over 72 h; discharged in good condition
PMC13490125_case1,PMC13490125,16 years,16,male,copper sulfate,"copper sulfate pentahydrate (38% homemade liquid, 100 mL ingested)",non-occupational,oral ingestion,1 hour after ingestion,3,UNVERIFIED,survived/recovered,recovered and discharged after 1 week; normal labs at 10-day follow-up
PMC13498817_case1,PMC13498817,early 40s,40,male,fumigant (aluminium phosphide/chloropicrin),"aluminum phosphide (15 tablets, 3 g each, 56% purity; total 25.2 g)",non-occupational,oral ingestion,approximately 40 min after ingestion,9,"yes (mechanical ventilation, vasopressors, CVVH in ICU setting)",survived/recovered,"full clinical recovery, discharged day 18 post-admission"
PMC13534099_case1,PMC13534099,69 years,69,male,rodenticide (anticoagulant),brodifacoum (second-generation superwarfarin anticoagulant rodenticide),non-occupational,oral (suspected ingestion of contaminated food),UNVERIFIED (admitted 9 days after symptom onset of oral bleeding; time from exposure to care not stated),5,UNVERIFIED,survived/recovered,stabilized; coagulation parameters normalized over two weeks; discharged with long-term outpatient follow-up; dissection stable with hematoma resolution at 1-month CTA
PMC13548518_case1,PMC13548518,2 years,2,female,fumigant (aluminium phosphide/chloropicrin),"aluminum phosphide (inhalational, phosphine gas from grain storage beneath residence)",non-occupational,inhalation,UNVERIFIED (brought to hospital the morning after overnight exposure; exact interval not stated),11,"yes (PICU; VA-ECMO, CRRT, mechanical ventilation)",died,died on day 21 of hospitalization after cardiac arrest despite prolonged resuscitation
PMC13561190_case1,PMC13561190,18 years,18,female,bipyridyl herbicide (paraquat/diquat),"paraquat (24% solution, approximately 5 mL = 1.2 g; ~26 mg/kg)",non-occupational,oral ingestion,6 hours to our emergency department; taken to a nearby hospital 30 minutes after ingestion,6,"yes, medical intensive care unit",survived/recovered,"survived; discharged day 7; no respiratory, gastrointestinal, or renal manifestations at 3-month follow-up"
PMC13591919_case1,PMC13591919,28 years,28,male,fumigant (aluminium phosphide/chloropicrin),"aluminum phosphide (single tablet, approximately 3 g, fresh, dissolved in water)",non-occupational,oral ingestion,presented to tertiary care facility approximately 7 hours after ingestion; gastric lavage at local hospital before transfer,4,yes (ICU close monitoring),survived/recovered,survived; discharged day 6 with psychiatric follow-up; complete recovery at 3-week follow-up
PMC13596013_case1,PMC13596013,49 years,49,male,organophosphate,"organophosphate (chlorpyrifos, admitted later)",unclear,ingestion,UNVERIFIED (found drowsy by family and brought to emergency department; time from ingestion not stated),6,yes (intubated and mechanically ventilated for 3 weeks),survived/recovered,survived acute cholinergic crisis and intermediate syndrome; at 3-month follow-up myoclonus did not improve
PMC13610748_case1,PMC13610748,26 years,26,male,bipyridyl herbicide (paraquat/diquat),"paraquat dichloride (24% solution, approximately 10 mL, intravenous)",non-occupational,intravenous injection,4½ hours after injection,5,UNVERIFIED (intensive supportive care implied; explicit ICU admission not stated),died,died 28 h after admission after multiple cardiac arrests and refractory shock
PMC7654463-case1,PMC7654463,twenty-seven-year-old,,male,amitraz (formamidine),amitraz 12.5%,non-occupational,oral ingestion,presented to ER ten hours after ingestion,7,UNVERIFIED,survived/recovered,complete recovery; discharged on fourth day in good health
PMC7750177-case1,PMC7750177,eighteen year old,,male,pyrethroid,cypermethrin 25% (12.5 g in 50 mL),non-occupational,oral ingestion,"rushed to a primary health centre after vomiting, then referred; presented five hours after ingestion",5,UNVERIFIED,survived/recovered,recovery; heart rate normalized by end of day two; discharged in good health
PMC8942044-case1,PMC8942044,78-year-old,78,man,organophosphate,chlorpyrifos and cypermethrin (50 mL),non-occupational,oral ingestion,immediately taken to the local hospital after vomiting; then transferred to emergency department,6,UNVERIFIED,died,died on day three
PMC8942044-case2,PMC8942044,20-year-old,20,woman,organophosphate,chlorpyrifos and cypermethrin (30 mL),non-occupational,oral ingestion,"immediately taken to the local hospital where gastric lavage was performed, then transferred to the emergency department",8,UNVERIFIED,survived/recovered,"recovered; discharged on day 25, asymptomatic at follow-up"
PMC9346413-case1,PMC9346413,23-year-old,23,female,glyphosate/other herbicide,"2,4-dichlorophenoxyacetic acid (2,4-D), about 30 mL",non-occupational,oral ingestion,presented 2 hours after ingestion; initially taken to a nearby primary hospital,8,yes,died,died of circulatory collapse on the third ICU day
PMC9511329-case1,PMC9511329,76-year-old,76,man,bipyridyl herbicide (paraquat/diquat),diluted paraquat solution,non-occupational,dermal (scrotal/perineal skin absorption),visited another local hospital 1 day before referral; transferred to the study hospital ~2 days after cessation of skin exposure (5 days after starting soaking),5,UNVERIFIED,died,died on Day 6 of admission of cardiac arrest
PMC9511329-case2,PMC9511329,23-year-old,23,woman,bipyridyl herbicide (paraquat/diquat),"paraquat (W/V, 20%), approximately 100 mL",non-occupational,oral ingestion,gastric lavage performed and transferred 6 hours after exposure,4,UNVERIFIED,died,mother died of refractory respiratory failure 2 days after delivery; baby died within hours of birth
PMC9761795-case1,PMC9761795,45-year-old,45,man,bipyridyl herbicide (paraquat/diquat),paraquat 20% solution,occupational/agricultural,dermal (accidental spraying on face and body; possible oral/mucosal contact with dysphagia),admitted to hospital 6 days after first contact,8,yes,died,died on the fourth day of hospitalization despite CPR
PMC9851568-case1,PMC9851568,26-year-old,26,female,pyrethroid,lambda-cyhalothrin,non-occupational,oral ingestion (accidental while manipulating a spraying device),"rushed to a local healthcare center after informing family, then referred; presented at index center eight hours after ingestion",5,UNVERIFIED,survived/recovered,"recovered; extubated day three, discharged; follow-up uneventful"
PMC9921357-case1,PMC9921357,25-year-old,25,female,neonicotinoid,"imidacloprid 30.5% (Nudon), unknown amount",non-occupational,oral ingestion,initial management and gastric lavage with activated charcoal elsewhere before referral; interval not stated,9,yes,survived/recovered,discharged on the tenth day of admission without residual effects
PMC9969900-case1,PMC9969900,22-year-old (abstract states 20-year-old; case presentation states 22-year-old male),22,male,pyrethroid,"deltamethrin 12.5 mg/mL, around 100 mL (brand advertised as anti-tick animal medication)",non-occupational,oral ingestion,brought to ED about one and a half hours after ingestion,4,yes,survived/recovered,no complications; discharged on the fourth day
