paper_id,title,authors,year,journal,doi,url,study_design,n_cases_source,population,outcome_measured,key_findings,abstract_excerpt,screening_decision_hermes,screening_reason,screening_decision_review,reviewer_notes,extraction_status,extraction_checked_review
S01,Hepatic candidiasis in a patient with acute myeloid leukaemia.,Spedini P,2001,Br J Haematol,10.1046/j.1365-2141.2001.03188.x,https://pubmed.ncbi.nlm.nih.gov/11736927/,Case Reports;Journal Article,1,acute leukaemia (see title/abstract),"CDC diagnosis, treatment, outcome",,,EXCLUDE,EXCLUDE - does not meet case definition (review/cohort/non-leukaemia/insufficient case detail),,,not extracted,
S02,Successful treatment of chronic disseminated candidiasis with fluconazole and a granulocyte-macrophage colony-stimulating factor combination.,"Rókusz L, Liptay L, Kádár K",2001,Scand J Infect Dis,10.1080/003655401317074671,https://pubmed.ncbi.nlm.nih.gov/11728053/,Case Reports;Journal Article,1,acute leukaemia (see title/abstract),"CDC diagnosis, treatment, outcome",,,EXCLUDE,EXCLUDE - does not meet case definition (review/cohort/non-leukaemia/insufficient case detail),,,not extracted,
S03,Successful treatment of hepatosplenic candidiasis in an elderly patient with acute myeloid leukemia using liposomal daunorubicin and fluconazole.,"Quintini G, Barbera V, Gambino R",2001,Haematologica,,https://pubmed.ncbi.nlm.nih.gov/11524268/,Case Reports;Letter,1,acute leukaemia (see title/abstract),"CDC diagnosis, treatment, outcome",,,INCLUDE,"INCLUDE - AML, HSC caused by C.tropicalis, case-level detail",,,extracted (abstract-level),
S04,"Hepatosplenic Candidiasis, its Treatment and Effect on Remission Status in Patients with Acute Leukaemia-a Report of Five Cases.","Hamilton JW, McMullin MF, Jones F",2001,Hematology,10.1080/10245332.2001.11746587,https://pubmed.ncbi.nlm.nih.gov/27405527/,Journal Article,1,acute leukaemia (see title/abstract),"CDC diagnosis, treatment, outcome",,,EXCLUDE,EXCLUDE - does not meet case definition (review/cohort/non-leukaemia/insufficient case detail),,,not extracted,
S05,Clinical microbiological case: chronic disseminated candidiasis unresponsive to treatment.,"Ratip S, Odabaşi Z, Karti S",2002,Clin Microbiol Infect,10.1046/j.1469-0691.2002.00463.x,https://pubmed.ncbi.nlm.nih.gov/12199855/,Case Reports;Journal Article,1,acute leukaemia (see title/abstract),"CDC diagnosis, treatment, outcome",,,EXCLUDE,EXCLUDE - does not meet case definition (review/cohort/non-leukaemia/insufficient case detail),,,not extracted,
S06,Disseminated hepatic candidiasis.,"Roozrokh HC, Stahlfeld KR",2002,J Am Coll Surg,10.1016/s1072-7515(01)01152-8,https://pubmed.ncbi.nlm.nih.gov/11848640/,Case Reports;Journal Article,1,acute leukaemia (see title/abstract),"CDC diagnosis, treatment, outcome",,,EXCLUDE,EXCLUDE - does not meet case definition (review/cohort/non-leukaemia/insufficient case detail),,,not extracted,
S07,[Hepatic candidiasis in patients with acute myelogenous leukemia].,"Han JK, Kim SH",2003,Taehan Kan Hakhoe Chi,,https://pubmed.ncbi.nlm.nih.gov/14558572/,Case Reports;Journal Article,1,acute leukaemia (see title/abstract),"CDC diagnosis, treatment, outcome",,,EXCLUDE,EXCLUDE - does not meet case definition (review/cohort/non-leukaemia/insufficient case detail),,,not extracted,
S08,[Hepatosplenic candidiasis in acute myeloid leukemia].,"Larregina A, Bartoletti B, Romano H",2004,Rev Argent Microbiol,,https://pubmed.ncbi.nlm.nih.gov/15176375/,Case Reports;English Abstract;Journal Article,1,acute leukaemia (see title/abstract),"CDC diagnosis, treatment, outcome",,,INCLUDE,"INCLUDE - AML M2, HSC confirmed CT+biopsy",,,extracted (abstract-level),
S09,Successful treatment of chronic disseminated candidiasis with caspofungin and itraconazole in a patient with progressive acute leukemia and prolonged neutropenia.,"Hübel K, Chemnitz J, Brochhagen HG",2004,Int J Hematol,10.1532/ijh97.e0315,https://pubmed.ncbi.nlm.nih.gov/15168600/,Case Reports;Journal Article,1,acute leukaemia (see title/abstract),"CDC diagnosis, treatment, outcome",,,INCLUDE,"INCLUDE - relapsed AML, CDC liver/spleen/kidney",,,extracted (abstract-level),
S10,Pathology teach and tell disseminated candidiasis in an infant with acute myeloid leukemia without prior chemotherapy.,"Goyal R, Vaiphei K, Vankalakunti M",2006,Fetal Pediatr Pathol,10.1080/15513810701209579,https://pubmed.ncbi.nlm.nih.gov/17696044/,Case Reports;Journal Article,1,acute leukaemia (see title/abstract),"CDC diagnosis, treatment, outcome",,,INCLUDE,"INCLUDE - infant AML, disseminated candidiasis w/ GI involvement (atypical, pre-chemo)",,,extracted (abstract-level),
S11,The usefulness of the Platelia Candida antigen in a patient with acute lymphocytic leukemia and chronic disseminated candidiasis.,"Sun HY, Chiu YS, Tang JL",2006,Med Mycol,10.1080/13693780600735445,https://pubmed.ncbi.nlm.nih.gov/17071559/,"Case Reports;Journal Article;Research Support, Non-U.S. Gov't",1,acute leukaemia (see title/abstract),"CDC diagnosis, treatment, outcome",,,INCLUDE,"INCLUDE - ALL, C.tropicalis CDC, antigen monitoring",,,extracted (abstract-level),
S12,Salvage therapy of refractory chronic disseminated candidiasis in a patient with acute myeloid leukaemia and secondary prophylaxis during allogeneic stem cell transplantation.,"Vehreschild JJ, Krüger K, Kurzai O",2006,Mycoses,10.1111/j.1439-0507.2006.01302.x,https://pubmed.ncbi.nlm.nih.gov/16961582/,Case Reports;Journal Article,1,acute leukaemia (see title/abstract),"CDC diagnosis, treatment, outcome",,,EXCLUDE,EXCLUDE - does not meet case definition (review/cohort/non-leukaemia/insufficient case detail),,,not extracted,
S13,Successful initial treatment with caspofungin alone for hepatosplenic candidiasis in a patient with acute myeloblastic leukemia.,"Altintas A, Ayyildiz O, Isikdogan A",2006,Saudi Med J,,https://pubmed.ncbi.nlm.nih.gov/16951789/,Case Reports;Journal Article,1,acute leukaemia (see title/abstract),"CDC diagnosis, treatment, outcome",,,INCLUDE,INCLUDE (tentative) - title indicates AML with HSC treated with caspofungin; no abstract - full text needed,,,extracted (abstract-level),
S14,Possible hepatosplenic candidiasis treated with liposomal amphotericin B and caspofungin combination.,"Arda B, Soyer N, Sipahi OR",2006,J Infect,10.1016/j.jinf.2005.08.010,https://pubmed.ncbi.nlm.nih.gov/16181678/,Case Reports;Letter,1,acute leukaemia (see title/abstract),"CDC diagnosis, treatment, outcome",,,EXCLUDE,EXCLUDE - does not meet case definition (review/cohort/non-leukaemia/insufficient case detail),,,not extracted,
S15,Images in clinical medicine. Hepatosplenic candidiasis.,"Halkic N, Ksontini R",2007,N Engl J Med,10.1056/NEJMicm040112,https://pubmed.ncbi.nlm.nih.gov/17251526/,Case Reports;Journal Article,1,acute leukaemia (see title/abstract),"CDC diagnosis, treatment, outcome",,,EXCLUDE,EXCLUDE - does not meet case definition (review/cohort/non-leukaemia/insufficient case detail),,,not extracted,
S16,Successful treatment of refractory chronic disseminated candidiasis after prolonged administration of caspofungin in a child with acute myeloid leukemia.,"Kontny U, Walsh TJ, Rossler J",2007,Pediatr Blood Cancer,10.1002/pbc.20751,https://pubmed.ncbi.nlm.nih.gov/16444677/,Case Reports;Journal Article,1,acute leukaemia (see title/abstract),"CDC diagnosis, treatment, outcome",,,INCLUDE,"INCLUDE - paediatric AML, refractory CDC, caspofungin",,,extracted (abstract-level),
S17,Diffuse disseminated candidiasis in a patient with Felty's syndrome: a case report.,"Ish-Hurwitz S, Dovrish Z, Edelstein E",2007,Rheumatol Int,10.1007/s00296-007-0366-x,https://pubmed.ncbi.nlm.nih.gov/17576563/,Case Reports;Journal Article,1,acute leukaemia (see title/abstract),"CDC diagnosis, treatment, outcome",,,EXCLUDE,EXCLUDE - not acute leukaemia (Felty syndrome),,,not extracted,
S18,[Hepatosplenic candidiasis in acute leukaemia patients].,"Rajić Z, Colović N, Sretenović M",2008,Srp Arh Celok Lek,10.2298/sarh0808414r,https://pubmed.ncbi.nlm.nih.gov/18959179/,Case Reports;English Abstract;Journal Article,1,acute leukaemia (see title/abstract),"CDC diagnosis, treatment, outcome",,,EXCLUDE,EXCLUDE - does not meet case definition (review/cohort/non-leukaemia/insufficient case detail),,,not extracted,
S19,Assessment of Aspergillus-specific T cells for diagnosis of invasive aspergillosis in a leukemic child with liver lesions mimicking hepatosplenic candidiasis.,"Potenza L, Barozzi P, Rossi G",2008,Clin Vaccine Immunol,10.1128/CVI.00198-08,https://pubmed.ncbi.nlm.nih.gov/18667632/,"Case Reports;Journal Article;Research Support, Non-U.S. Gov't",1,acute leukaemia (see title/abstract),"CDC diagnosis, treatment, outcome",,,EXCLUDE,EXCLUDE - does not meet case definition (review/cohort/non-leukaemia/insufficient case detail),,,not extracted,
S20,[A case of gastric candidiasis presented as subepithelial mass in an immunocompromised host].,"Kim SH, Kim SG, Kang SJ, Kim MN, Park JM, Jo HJ, Choi MS, Song IS.",2009,,10.4166/kjg.2015.65.1.43,https://pubmed.ncbi.nlm.nih.gov/19158470/,case report,1,acute leukaemia (see title/abstract),"CDC diagnosis, treatment, outcome",,,INCLUDE,"INCLUDE - AML, gastric CDC presentation (unusual site)",,,extracted (abstract-level),
S21,[Picture of the month: hepatic candidiasis].,"Mølle I, Gregersen H, Lyer V",2009,Ugeskr Laeger,,https://pubmed.ncbi.nlm.nih.gov/19916196/,Case Reports;Journal Article,1,acute leukaemia (see title/abstract),"CDC diagnosis, treatment, outcome",,,EXCLUDE,EXCLUDE - does not meet case definition (review/cohort/non-leukaemia/insufficient case detail),,,not extracted,
S22,Adjuvant corticosteroid therapy in 2 children with hepatosplenic candidiasis-related IRIS.,"Saint-Faust M, Boyer C, Gari-Toussaint M",2009,J Pediatr Hematol Oncol,10.1097/MPH.0b013e3181b795ec,https://pubmed.ncbi.nlm.nih.gov/19770685/,Case Reports;Journal Article,1,acute leukaemia (see title/abstract),"CDC diagnosis, treatment, outcome",,,EXCLUDE,EXCLUDE - does not meet case definition (review/cohort/non-leukaemia/insufficient case detail),,,not extracted,
S23,Hepatosplenic candidiasis imaged with F-18 FDG PET/CT.,"Teyton P, Baillet G, Hindié E",2009,Clin Nucl Med,10.1097/RLU.0b013e3181a7cfba,https://pubmed.ncbi.nlm.nih.gov/19542950/,Case Reports;Journal Article,1,acute leukaemia (see title/abstract),"CDC diagnosis, treatment, outcome",,,EXCLUDE,EXCLUDE - does not meet case definition (review/cohort/non-leukaemia/insufficient case detail),,,not extracted,
S24,Successful intensive chemotherapy followed by autologous hematopoietic cell transplantation in a patient with acute myeloid leukemia and hepatosplenic candidiasis: case report and review of literature.,"Poon LM, Chia HY, Tan LK",2009,Transpl Infect Dis,10.1111/j.1399-3062.2009.00363.x,https://pubmed.ncbi.nlm.nih.gov/19228346/,Case Reports;Journal Article;Review,1,acute leukaemia (see title/abstract),"CDC diagnosis, treatment, outcome",,,INCLUDE,"INCLUDE - AML, HSC then autologous HCT",,,extracted (abstract-level),
S25,Utility of FDG PET/CT in guiding antifungal therapy in acute leukemia patients with chronic disseminated candidiasis.,"Xu B, Shi P, Wu H",2010,Clin Nucl Med,10.1097/RLU.0b013e3181e4db84,https://pubmed.ncbi.nlm.nih.gov/20631500/,Case Reports;Journal Article,1,acute leukaemia (see title/abstract),"CDC diagnosis, treatment, outcome",,,INCLUDE,"INCLUDE - 3 adults with acute leukaemia, CDC, PET/CT-guided therapy",,,extracted (abstract-level),
S26,Granulocyte colony stimulating factor-induced exacerbation of fungus-related immune restoration inflammatory syndrome: a case of chronic disseminated candidiasis exacerbation.,"Chandesris MO, Kelaidi C, Méchaï F",2010,J Microbiol Immunol Infect,10.1016/S1684-1182(10)60052-7,https://pubmed.ncbi.nlm.nih.gov/20688295/,Case Reports;Journal Article,1,acute leukaemia (see title/abstract),"CDC diagnosis, treatment, outcome",,,EXCLUDE,EXCLUDE - does not meet case definition (review/cohort/non-leukaemia/insufficient case detail),,,not extracted,
S27,Hepatosplenic candidiasis complicating acute myeloid leukaemia.,"Yang MK, Lau YM, Lo FH",2011,Hong Kong Med J,,https://pubmed.ncbi.nlm.nih.gov/21636876/,Case Reports;Journal Article,1,acute leukaemia (see title/abstract),"CDC diagnosis, treatment, outcome",,,EXCLUDE,EXCLUDE - does not meet case definition (review/cohort/non-leukaemia/insufficient case detail),,,not extracted,
S28,Usefulness of corticosteroid therapy during chronic disseminated candidiasis: case reports and literature review.,"Chaussade H, Bastides F, Lissandre S, Blouin P, Bailly E, Chandenier J, Gyan E, Bernard L.",2012,,10.1093/jac/dks044,https://pubmed.ncbi.nlm.nih.gov/22374323/,case report,1,acute leukaemia (see title/abstract),"CDC diagnosis, treatment, outcome",,,EXCLUDE,EXCLUDE - does not meet case definition (review/cohort/non-leukaemia/insufficient case detail),,,not extracted,
S29,Adjuvant corticosteroid therapy in hepatosplenic candidiasis-related iris.,"Bayram C, Fettah A, Yarali N",2012,Mediterr J Hematol Infect Dis,10.4084/MJHID.2012.018,https://pubmed.ncbi.nlm.nih.gov/22550563/,Case Reports;Journal Article,1,acute leukaemia (see title/abstract),"CDC diagnosis, treatment, outcome",,,EXCLUDE,EXCLUDE - does not meet case definition (review/cohort/non-leukaemia/insufficient case detail),,,not extracted,
S30,[Contribution of PET/CT for the management of hepatosplenic candidiasis in hematology].,"Jennane S, Eddou H, Mahtat EM",2014,Med Mal Infect,10.1016/j.medmal.2014.03.008,https://pubmed.ncbi.nlm.nih.gov/24787634/,Case Reports;Journal Article,1,acute leukaemia (see title/abstract),"CDC diagnosis, treatment, outcome",,,EXCLUDE,EXCLUDE - does not meet case definition (review/cohort/non-leukaemia/insufficient case detail),,,not extracted,
S31,[Favorable Outcome of Hepatosplenic Candidiasis in a Patient with Acute Leukemia].,"Čolović N, Arsenijević VA, Suvajdžić N",2015,Srp Arh Celok Lek,10.2298/sarh1506341c,https://pubmed.ncbi.nlm.nih.gov/26259411/,Case Reports;Journal Article,1,acute leukaemia (see title/abstract),"CDC diagnosis, treatment, outcome",,,INCLUDE,"INCLUDE - AML, probable HSC (mannan/IgG+CT)",,,extracted (abstract-level),
S32,Hepatosplenic Candidiasis Detected by (18)F-FDG-PET/CT.,"Albano D, Bosio G, Bertoli M, Petrilli G, Bertagna F.",2016,,10.7508/aojnmb.2016.02.007,https://pubmed.ncbi.nlm.nih.gov/27408899/,case report,1,acute leukaemia (see title/abstract),"CDC diagnosis, treatment, outcome",,,INCLUDE,"INCLUDE - AML, HSC confirmed PET/CT+biopsy",,,extracted (abstract-level),
S33,Chronic Disseminated Candidiasis Complicated by Immune Reconstitution Inflammatory Syndrome in Child with Acute Lymphoblastic Leukemia.,"Zając-Spychała O, Ukielska B, Jończyk-Potoczna K, Konatkowska B, Wachowiak J.",2016,,10.1155/2016/5960150,https://pubmed.ncbi.nlm.nih.gov/27800196/,case report,1,acute leukaemia (see title/abstract),"CDC diagnosis, treatment, outcome",,,INCLUDE,"INCLUDE - paediatric ALL, probable hepatic CDC + IRIS",,,extracted (abstract-level),
S34,Thalidomide for steroid-dependent chronic disseminated candidiasis after stem cell transplantation: A case report.,"Rammaert B, Candon S, Maunoury C",2017,Transpl Infect Dis,10.1111/tid.12637,https://pubmed.ncbi.nlm.nih.gov/27862711/,Case Reports;Journal Article,1,acute leukaemia (see title/abstract),"CDC diagnosis, treatment, outcome",,,EXCLUDE,EXCLUDE - does not meet case definition (review/cohort/non-leukaemia/insufficient case detail),,,not extracted,
S35,Response of Symptomatic Persistent Chronic Disseminated Candidiasis to Corticosteroid Therapy in Immunosuppressed Pediatric Patients: Case Study and Review of the Literature.,"Shkalim-Zemer V, Levi I, Fischer S, Tamary H, Yakobovich J, Avrahami G, Gilad G, Elitzur S, Yaniv I, Elhasid R, Manistersky M, Shalit I.",2018,,10.1097/inf.0000000000001844,https://pubmed.ncbi.nlm.nih.gov/29140934/,case report,1,acute leukaemia (see title/abstract),"CDC diagnosis, treatment, outcome",,,EXCLUDE,EXCLUDE - does not meet case definition (review/cohort/non-leukaemia/insufficient case detail),,,not extracted,
S36,Case Report: Proven Diagnosis of Culture-Negative Chronic Disseminated Candidiasis in a Patient Suffering From Hematological Malignancy: Combined Application of mNGS and CFW Staining.,"Jin Y, Wang Z, Zhu C, Yang Q, Lu Y, Yu X, Hong B, Wang X, Zhang Y.",2021,,10.3389/fmed.2021.627166,https://pubmed.ncbi.nlm.nih.gov/33718404/,case report,1,acute leukaemia (see title/abstract),"CDC diagnosis, treatment, outcome",,,EXCLUDE,EXCLUDE - does not meet case definition (review/cohort/non-leukaemia/insufficient case detail),,,not extracted,
S37,"Long-term trend in serum (1,3)-β-D-glucan level in a man with chronic disseminated candidiasis treated with corticosteroids.","Shirahige T, Tashiro M, Taguchi M",2021,J Infect Chemother,10.1016/j.jiac.2021.05.005,https://pubmed.ncbi.nlm.nih.gov/34049793/,Case Reports;Journal Article,1,acute leukaemia (see title/abstract),"CDC diagnosis, treatment, outcome",,,EXCLUDE,EXCLUDE - does not meet case definition (review/cohort/non-leukaemia/insufficient case detail),,,not extracted,
S38,[Next-generation sequencing assistance in the diagnosis of three cases of acute leukemia complicated with chronic disseminated candidiasis].,"Luo JP, Lin XJ, Shen Y.",2022,,10.3760/cma.j.issn.0253-2727.2022.06.014,https://pubmed.ncbi.nlm.nih.gov/35968598/,case report,3,acute leukaemia (see title/abstract),"CDC diagnosis, treatment, outcome",,,INCLUDE,"INCLUDE - 3 acute leukaemia cases, CDC diagnosed by NGS (abstract unavailable - full text needed)",,,extracted (abstract-level),
S39,Successful Treatment of Chronic Disseminated Candidiasis Complicated by Immune Reconstitution Inflammatory Syndrome in a Child With Acute Lymphocytic Leukemia.,"Mosleh S, Rabaia D, Zidan T.",2023,,10.7759/cureus.44103,https://pubmed.ncbi.nlm.nih.gov/37750159/,case report,1,acute leukaemia (see title/abstract),"CDC diagnosis, treatment, outcome",,,INCLUDE,"INCLUDE - paediatric ALL, CDC+IRIS, culture-proven",,,extracted (abstract-level),
S40,Splenectomy for treating hepatosplenic candidiasis: Two cases and literature review suggesting its feasibility.,"Yu S, Ren Y, Wen X, Ye Y, Cheng L, Yu J, Zheng S.",2023,,10.1016/j.heliyon.2023.e15114,https://pubmed.ncbi.nlm.nih.gov/37089309/,case report,2,acute leukaemia (see title/abstract),"CDC diagnosis, treatment, outcome",,,INCLUDE,"INCLUDE - 2 leukaemia patients, HSC, salvage splenectomy",,,extracted (abstract-level),
S41,A case of chronic disseminated candidiasis in metamizole-induced neutropaenia.,"Colin-Benoit E, Kalubi M, Zimmerli S.",2023,,10.1007/s15010-022-01963-z,https://pubmed.ncbi.nlm.nih.gov/36515891/,case report,1,acute leukaemia (see title/abstract),"CDC diagnosis, treatment, outcome",,,EXCLUDE,EXCLUDE - does not meet case definition (review/cohort/non-leukaemia/insufficient case detail),,,not extracted,
S42,Muscular and hepatosplenic candidiasis in a patient with acute myeloblastic leukemia: A case report and literature review.,"Jahanshahi A, Nami S, Hosein Pour Feizi AA, Alihosseini S, Jaberinezhad M, Abdollahi M, Rahimi F, Falahatian M.",2023,,10.1002/ccr3.7700,https://pubmed.ncbi.nlm.nih.gov/37476594/,case report,1,acute leukaemia (see title/abstract),"CDC diagnosis, treatment, outcome",,,INCLUDE,"INCLUDE - AML M3, muscular+hepatosplenic candidiasis",,,extracted (abstract-level),
S43,Splenectomy for treating hepatosplenic candidiasis: Two cases and literature review suggesting its feasibility,"Yu S, Ren Y, Wen X, Ye Y, Cheng L, Yu J, Zheng S.",2023,,,https://europepmc.org/article/IND608041678,case report,2,acute leukaemia (see title/abstract),"CDC diagnosis, treatment, outcome",,,EXCLUDE,EXCLUDE - duplicate record of PM37089309 (Europe PMC index/preprint),,,not extracted,
S44,Muscular and Hepatosplenic candidiasis in a patient with acute myeloblastic leukemia: A Case Report and literature review,"Jahanshahi A, Nami S, Feizi AAHP, Alihosseini S, Jaberinezhad M, Abdollahi M, Rahimi F, Falahatian M.",2023,,10.22541/au.167411526.63295243/v1,https://europepmc.org/article/PPR600228,case report,1,acute leukaemia (see title/abstract),"CDC diagnosis, treatment, outcome",,,EXCLUDE,EXCLUDE - duplicate record (preprint) of PM37476594,,,not extracted,
S45,Subcutaneous Microabscesses and Myositis as Part of Immune Reconstitution Inflammatory Syndrome due to Chronic Disseminated Candidiasis in a Child With Acute Lymphoblastic Leukemia.,"Reddy NA, Addala S, S S S",2023,J Pediatr Hematol Oncol,10.1097/MPH.0000000000002640,https://pubmed.ncbi.nlm.nih.gov/37083275/,Case Reports;Journal Article,1,acute leukaemia (see title/abstract),"CDC diagnosis, treatment, outcome",,,INCLUDE,"INCLUDE - paediatric pre-B ALL, CDC+IRIS w/ subcutaneous granulomas",,,extracted (abstract-level),
S46,Chronic disseminated candidiasis in a patient with acute leukemia - an illustrative case and brief review for clinicians.,"Graeter A, Lee D, Handley G",2024,BMC Infect Dis,10.1186/s12879-024-09172-9,https://pubmed.ncbi.nlm.nih.gov/38448809/,Case Reports;Review;Journal Article,1,acute leukaemia (see title/abstract),"CDC diagnosis, treatment, outcome",,,INCLUDE,"INCLUDE - relapsed B-ALL, CDC multi-organ, culture-proven",,,extracted (abstract-level),
S47,Redefining Ultrasound's role in early diagnosis of hepatosplenic candidiasis during neutropenia: A pediatric case report in solid tumor.,"Cappozzo F, Battaglia T, Nebiolo M, Mariani M, Livellara V, Gaggero G, Arkangelskaya E, Damasio MB, Anfigeno L, De Luca C, Avanzini S, Palo F, Conte M",2026,,10.1016/j.mmcr.2026.100777,https://pubmed.ncbi.nlm.nih.gov/41853469/,case report,1,acute leukaemia (see title/abstract),"CDC diagnosis, treatment, outcome",,,EXCLUDE,EXCLUDE - does not meet case definition (review/cohort/non-leukaemia/insufficient case detail),,,not extracted,
S48,"Corrigendum to ""Redefining ultrasound's role in early diagnosis of hepatosplenic candidiasis during neutropenia: A pediatric case report in solid tumor"" [Med. Mycol. Case Rep., 51 (2026) 100777].","Cappozzo F, Battaglia T, Nebiolo M",2026,Med Mycol Case Rep,10.1016/j.mmcr.2026.100788,https://pubmed.ncbi.nlm.nih.gov/42325298/,Published Erratum,1,acute leukaemia (see title/abstract),"CDC diagnosis, treatment, outcome",,,EXCLUDE,EXCLUDE - corrigendum,,,not extracted,
